"date","waterYear","depth_mm"
2003-11-01,2004,0
2003-11-02,2004,0
2003-11-03,2004,0
2003-11-04,2004,0
2003-11-05,2004,0
2003-11-06,2004,0
2003-11-07,2004,0
2003-11-08,2004,0
2003-11-09,2004,0
2003-11-10,2004,0
2003-11-11,2004,0
2003-11-12,2004,0
2003-11-13,2004,0
2003-11-14,2004,7.3281
2003-11-15,2004,0
2003-11-16,2004,0
2003-11-17,2004,0
2003-11-18,2004,0
2003-11-19,2004,0
2003-11-20,2004,0
2003-11-21,2004,0
2003-11-22,2004,0
2003-11-23,2004,0
2003-11-24,2004,0
2003-11-25,2004,0
2003-11-26,2004,0
2003-11-27,2004,0
2003-11-28,2004,0
2003-11-29,2004,0
2003-11-30,2004,0
2003-12-01,2004,0
2003-12-02,2004,0
2003-12-03,2004,0
2003-12-04,2004,0
2003-12-05,2004,0
2003-12-06,2004,0
2003-12-07,2004,0
2003-12-08,2004,0
2003-12-09,2004,1.921
2003-12-10,2004,0
2003-12-11,2004,0
2003-12-12,2004,0
2003-12-13,2004,0
2003-12-14,2004,0
2003-12-15,2004,0
2003-12-16,2004,0
2003-12-17,2004,0
2003-12-18,2004,0
2003-12-19,2004,0
2003-12-20,2004,0
2003-12-21,2004,0
2003-12-22,2004,2.9549
2003-12-23,2004,0
2003-12-24,2004,0
2003-12-25,2004,0
2003-12-26,2004,0
2003-12-27,2004,0
2003-12-28,2004,0
2003-12-29,2004,0
2003-12-30,2004,0
2003-12-31,2004,0
2004-01-01,2004,0
2004-01-02,2004,0
2004-01-03,2004,0
2004-01-04,2004,3.3054
2004-01-05,2004,0.0081
2004-01-06,2004,0
2004-01-07,2004,0
2004-01-08,2004,0
2004-01-09,2004,0
2004-01-10,2004,0
2004-01-11,2004,0
2004-01-12,2004,0
2004-01-13,2004,0
2004-01-14,2004,0
2004-01-15,2004,0
2004-01-16,2004,11.9642
2004-01-17,2004,11.2132
2004-01-18,2004,19.2627
2004-01-19,2004,15.2492
2004-01-20,2004,8.9063
2004-01-21,2004,7.4734
2004-01-22,2004,5.4174
2004-01-23,2004,2.8458
2004-01-24,2004,1.921
2004-01-25,2004,0.2045
2004-01-26,2004,12.6758
2004-01-27,2004,1.988
2004-01-28,2004,0.3187
2004-01-29,2004,0.0781
2004-01-30,2004,0
2004-01-31,2004,0
2004-02-01,2004,0
2004-02-02,2004,0
2004-02-03,2004,0
2004-02-04,2004,5.8021
2004-02-05,2004,0.0017
2004-02-06,2004,0
2004-02-07,2004,0
2004-02-08,2004,0
2004-02-09,2004,0
2004-02-10,2004,0
2004-02-11,2004,0
2004-02-12,2004,0
2004-02-13,2004,0
2004-02-14,2004,0
2004-02-15,2004,0
2004-02-16,2004,0
2004-02-17,2004,0
2004-02-18,2004,0
2004-02-19,2004,0
2004-02-20,2004,0
2004-02-21,2004,0
2004-02-22,2004,20.0244
2004-02-23,2004,12.9917
2004-02-24,2004,9.0987
2004-02-26,2004,6.9622
2004-02-27,2004,0
2004-02-28,2004,0
2004-02-29,2004,1.2132
2004-03-01,2004,0
2004-03-02,2004,0
2004-03-03,2004,9.6704
2004-03-04,2004,3.5171
2004-03-05,2004,35.7172
2004-03-06,2004,27.8644
2004-03-07,2004,2.414
2004-03-08,2004,0
2004-03-09,2004,0
2004-03-10,2004,0
2004-03-11,2004,0
2004-03-12,2004,0
2004-03-13,2004,0
2004-03-14,2004,0
2004-03-15,2004,0
2004-03-16,2004,0
2004-03-17,2004,0
2004-03-18,2004,0
2004-03-19,2004,0
2004-03-20,2004,0
2004-03-21,2004,0
2004-03-22,2004,0
2004-03-23,2004,0
2004-03-24,2004,0
2004-03-25,2004,0
2004-03-26,2004,0
2004-03-27,2004,0
2004-03-28,2004,0
2004-03-29,2004,0
2004-03-30,2004,0
2004-03-31,2004,0
2004-04-01,2004,0
2004-04-02,2004,0
2004-04-03,2004,0
2004-04-04,2004,0
2004-04-05,2004,14.6314
2004-04-06,2004,4.0611
2004-04-07,2004,0
2004-04-08,2004,0
2004-04-09,2004,0
2004-04-10,2004,0
2004-04-11,2004,0
2004-04-12,2004,0.0839
2004-04-13,2004,0
2004-04-14,2004,0
2004-04-15,2004,0
2004-04-16,2004,0
2004-04-17,2004,0
2004-04-18,2004,0
2004-04-19,2004,0
2004-04-20,2004,0
2004-04-21,2004,0
2004-04-22,2004,0
2004-04-23,2004,0
2004-04-24,2004,0
2004-04-25,2004,0
2004-04-26,2004,0
2004-04-27,2004,0
2004-04-28,2004,0
2004-04-29,2004,0
2004-04-30,2004,0
2004-11-01,2005,0
2004-11-02,2005,0
2004-11-03,2005,0
2004-11-04,2005,0
2004-11-05,2005,0
2004-11-06,2005,0
2004-11-07,2005,0
2004-11-08,2005,0
2004-11-09,2005,0
2004-11-10,2005,0
2004-11-11,2005,0
2004-11-12,2005,0
2004-11-13,2005,0
2004-11-14,2005,65.9345
2004-11-15,2005,52.3267
2004-11-16,2005,46.0894
2004-11-17,2005,20.9175
2004-11-18,2005,0.8966
2004-11-19,2005,0
2004-11-20,2005,0
2004-11-21,2005,0
2004-11-22,2005,0
2004-11-23,2005,4.3786
2004-11-24,2005,40.1815
2004-11-25,2005,26.9455
2004-11-26,2005,5.57
2004-11-27,2005,0.0455
2004-11-28,2005,0
2004-11-29,2005,12.9048
2004-11-30,2005,17.0503
2004-12-01,2005,9.8814
2004-12-02,2005,1.1782
2004-12-03,2005,0.6453
2004-12-04,2005,0.2642
2004-12-05,2005,18.8554
2004-12-06,2005,13.2475
2004-12-07,2005,32.3834
2004-12-08,2005,25.7733
2004-12-09,2005,28.6811
2004-12-10,2005,3.9825
2004-12-11,2005,1.4692
2004-12-12,2005,0
2004-12-13,2005,0
2004-12-14,2005,0
2004-12-15,2005,0
2004-12-16,2005,0
2004-12-17,2005,2.9062
2004-12-18,2005,0.1395
2004-12-19,2005,0.0468
2004-12-20,2005,0
2004-12-21,2005,0
2004-12-22,2005,7.4092
2004-12-23,2005,0.5051
2004-12-24,2005,0
2004-12-25,2005,0
2004-12-26,2005,0
2004-12-27,2005,0
2004-12-28,2005,0
2004-12-29,2005,0
2004-12-30,2005,0
2004-12-31,2005,0
2005-01-01,2005,0
2005-01-02,2005,0
2005-01-03,2005,3.9408
2005-01-04,2005,0
2005-01-05,2005,0.0078
2005-01-06,2005,0
2005-01-07,2005,0.3777
2005-01-08,2005,0.0033
2005-01-09,2005,0
2005-01-10,2005,0
2005-01-11,2005,0
2005-01-12,2005,0
2005-01-13,2005,0
2005-01-14,2005,0
2005-01-15,2005,0
2005-01-16,2005,0
2005-01-17,2005,0
2005-01-18,2005,0
2005-01-19,2005,0
2005-01-20,2005,0
2005-01-21,2005,0
2005-01-22,2005,0
2005-01-23,2005,0
2005-01-24,2005,0
2005-01-25,2005,0
2005-01-26,2005,0
2005-01-27,2005,0
2005-01-28,2005,0
2005-01-29,2005,0
2005-01-30,2005,7.2603
2005-01-31,2005,5.0559
2005-02-01,2005,1.7884
2005-02-02,2005,0.7258
2005-02-03,2005,0.1661
2005-02-04,2005,0
2005-02-05,2005,0
2005-02-06,2005,0
2005-02-07,2005,0
2005-02-08,2005,0
2005-02-09,2005,0.0896
2005-02-10,2005,0
2005-02-11,2005,0
2005-02-12,2005,0
2005-02-13,2005,0
2005-02-14,2005,0
2005-02-15,2005,0
2005-02-16,2005,0
2005-02-17,2005,0
2005-02-18,2005,0
2005-02-19,2005,0
2005-02-20,2005,0
2005-02-21,2005,0
2005-02-22,2005,0
2005-02-23,2005,0
2005-02-24,2005,0
2005-02-25,2005,0
2005-02-26,2005,0.6906
2005-02-27,2005,0.2646
2005-02-28,2005,0
2005-03-01,2005,0
2005-03-02,2005,0
2005-03-03,2005,0
2005-03-04,2005,0
2005-03-05,2005,0
2005-03-06,2005,0
2005-03-07,2005,47.1536
2005-03-08,2005,4.9179
2005-03-09,2005,0
2005-03-10,2005,0
2005-03-11,2005,0
2005-03-12,2005,0
2005-03-13,2005,0
2005-03-14,2005,0
2005-03-15,2005,8.2777
2005-03-16,2005,0.7962
2005-03-17,2005,0
2005-03-18,2005,0
2005-03-19,2005,0
2005-03-20,2005,0
2005-03-21,2005,0
2005-03-22,2005,0
2005-03-23,2005,0
2005-03-24,2005,0
2005-03-25,2005,0
2005-03-26,2005,0
2005-03-27,2005,0
2005-03-28,2005,0
2005-03-29,2005,0
2005-03-30,2005,0
2005-03-31,2005,0
2005-04-01,2005,0
2005-04-02,2005,0
2005-04-03,2005,0
2005-04-04,2005,0
2005-04-05,2005,0
2005-04-06,2005,0
2005-04-07,2005,0
2005-04-08,2005,0
2005-04-09,2005,0
2005-04-10,2005,0
2005-04-11,2005,0.1042
2005-04-12,2005,0
2005-04-13,2005,0
2005-04-14,2005,0
2005-04-15,2005,0
2005-04-16,2005,0
2005-04-17,2005,0
2005-04-18,2005,0
2005-04-19,2005,0
2005-04-20,2005,0
2005-04-21,2005,0
2005-04-22,2005,0
2005-04-23,2005,0
2005-04-24,2005,0
2005-04-25,2005,0
2005-04-26,2005,0
2005-04-27,2005,0
2005-04-28,2005,0
2005-04-29,2005,0
2005-04-30,2005,0
2005-11-01,2006,0
2005-11-02,2006,0
2005-11-03,2006,0
2005-11-04,2006,0
2005-11-05,2006,0
2005-11-06,2006,0
2005-11-07,2006,0
2005-11-08,2006,0
2005-11-09,2006,0
2005-11-10,2006,0
2005-11-11,2006,0
2005-11-12,2006,0
2005-11-13,2006,0
2005-11-14,2006,0
2005-11-15,2006,0
2005-11-16,2006,0
2005-11-17,2006,0
2005-11-18,2006,0
2005-11-19,2006,0
2005-11-20,2006,0
2005-11-21,2006,0
2005-11-22,2006,0
2005-11-23,2006,0
2005-11-24,2006,0
2005-11-25,2006,0
2005-11-26,2006,0
2005-11-27,2006,37.3183
2005-11-28,2006,39.3725
2005-11-29,2006,26.3912
2005-11-30,2006,12.4447
2005-12-01,2006,0
2005-12-02,2006,0
2005-12-03,2006,0
2005-12-04,2006,0
2005-12-05,2006,0
2005-12-06,2006,0
2005-12-07,2006,0
2005-12-08,2006,0
2005-12-09,2006,0
2005-12-10,2006,0
2005-12-11,2006,0
2005-12-12,2006,0
2005-12-13,2006,0
2005-12-14,2006,11.2139
2005-12-15,2006,0
2005-12-16,2006,0
2005-12-17,2006,0
2005-12-18,2006,0
2005-12-19,2006,0
2005-12-20,2006,0
2005-12-21,2006,0
2005-12-22,2006,0
2005-12-23,2006,0
2005-12-24,2006,0
2005-12-25,2006,0
2005-12-26,2006,0
2005-12-27,2006,0
2005-12-28,2006,0
2005-12-29,2006,0
2005-12-30,2006,0
2005-12-31,2006,0
2006-01-01,2006,0
2006-01-02,2006,0
2006-01-03,2006,0
2006-01-04,2006,0
2006-01-05,2006,0
2006-01-06,2006,0
2006-01-07,2006,0
2006-01-08,2006,0
2006-01-09,2006,0
2006-01-10,2006,0
2006-01-11,2006,0
2006-01-12,2006,0
2006-01-13,2006,0
2006-01-14,2006,0
2006-01-15,2006,0
2006-01-16,2006,0
2006-01-17,2006,0
2006-01-18,2006,0
2006-01-19,2006,0
2006-01-20,2006,15.7132
2006-01-21,2006,8.9358
2006-01-22,2006,0.7767
2006-01-23,2006,0
2006-01-24,2006,0
2006-01-25,2006,0
2006-01-26,2006,6.4838
2006-01-27,2006,20.2541
2006-01-28,2006,5.3052
2006-01-29,2006,1.5417
2006-01-30,2006,0
2006-01-31,2006,0
2006-02-01,2006,0
2006-02-02,2006,0
2006-02-03,2006,0
2006-02-04,2006,0
2006-02-05,2006,0
2006-02-06,2006,0
2006-02-07,2006,0
2006-02-08,2006,0
2006-02-09,2006,0
2006-02-10,2006,0
2006-02-11,2006,0
2006-02-12,2006,0
2006-02-13,2006,0
2006-02-14,2006,0
2006-02-15,2006,0
2006-02-16,2006,0
2006-02-17,2006,16.4961
2006-02-18,2006,0
2006-02-19,2006,0
2006-02-20,2006,0
2006-02-21,2006,0
2006-02-22,2006,0
2006-02-23,2006,0
2006-02-24,2006,0
2006-02-25,2006,0
2006-02-26,2006,0
2006-02-27,2006,0
2006-02-28,2006,0
2006-03-01,2006,0
2006-03-02,2006,0
2006-03-03,2006,0
2006-03-04,2006,0
2006-03-05,2006,0
2006-03-06,2006,0
2006-03-07,2006,0
2006-03-08,2006,0
2006-03-09,2006,35.539
2006-03-10,2006,31.2312
2006-03-11,2006,30.9794
2006-03-12,2006,158.5941
2006-03-13,2006,239.5671
2006-03-14,2006,211.0869
2006-03-15,2006,98.7321
2006-03-16,2006,29.3242
2006-03-17,2006,12.2612
2006-03-18,2006,0.6149
2006-03-19,2006,0
2006-03-20,2006,0
2006-03-21,2006,0
2006-03-22,2006,0
2006-03-23,2006,0
2006-03-24,2006,0
2006-03-25,2006,0
2006-03-26,2006,0
2006-03-27,2006,0
2006-03-28,2006,0
2006-03-29,2006,0
2006-03-30,2006,10.6835
2006-03-31,2006,6.1417
2006-04-01,2006,0
2006-04-02,2006,0
2006-04-03,2006,0
2006-04-04,2006,0
2006-04-05,2006,0
2006-04-06,2006,0
2006-04-07,2006,0
2006-04-08,2006,0
2006-04-09,2006,0
2006-04-10,2006,0
2006-04-11,2006,0
2006-04-12,2006,0
2006-04-13,2006,0
2006-04-14,2006,0
2006-04-15,2006,0
2006-04-16,2006,0
2006-04-17,2006,0
2006-04-18,2006,0
2006-04-19,2006,0
2006-04-20,2006,0
2006-04-21,2006,0
2006-04-22,2006,0
2006-04-23,2006,0
2006-04-24,2006,0
2006-04-25,2006,0
2006-04-26,2006,0
2006-04-27,2006,0
2006-04-28,2006,0
2006-04-29,2006,0
2006-04-30,2006,0
2006-11-01,2007,0
2006-11-02,2007,0
2006-11-03,2007,0
2006-11-04,2007,0
2006-11-05,2007,0
2006-11-06,2007,0
2006-11-07,2007,0
2006-11-08,2007,0
2006-11-09,2007,0
2006-11-10,2007,0
2006-11-11,2007,0
2006-11-12,2007,0
2006-11-13,2007,3.304
2006-11-14,2007,0
2006-11-15,2007,0
2006-11-16,2007,0
2006-11-17,2007,0
2006-11-18,2007,0
2006-11-19,2007,0
2006-11-20,2007,0
2006-11-21,2007,0
2006-11-22,2007,0
2006-11-23,2007,0
2006-11-24,2007,0
2006-11-25,2007,0
2006-11-26,2007,0
2006-11-27,2007,0
2006-11-28,2007,0
2006-11-29,2007,0.0233
2006-11-30,2007,60.0887
2006-12-01,2007,50.0101
2006-12-02,2007,37.0482
2006-12-03,2007,28.2731
2006-12-04,2007,23.1483
2006-12-05,2007,16.5067
2006-12-06,2007,4.9162
2006-12-07,2007,1.8952
2006-12-08,2007,0
2006-12-09,2007,0
2006-12-10,2007,0
2006-12-11,2007,0
2006-12-12,2007,0
2006-12-13,2007,0
2006-12-14,2007,0
2006-12-15,2007,0
2006-12-16,2007,0
2006-12-17,2007,0
2006-12-18,2007,0
2006-12-19,2007,18.9155
2006-12-20,2007,201.6053
2006-12-21,2007,195.849
2006-12-22,2007,93.7598
2006-12-23,2007,82.5514
2006-12-24,2007,74.305
2006-12-25,2007,60.4147
2006-12-26,2007,46.7836
2006-12-27,2007,29.5949
2006-12-28,2007,4.8666
2006-12-29,2007,22.9993
2006-12-30,2007,48.3757
2006-12-31,2007,136.5925
2007-01-01,2007,112.0908
2007-01-02,2007,95.2126
2007-01-03,2007,86.9972
2007-01-04,2007,14.7418
2007-01-05,2007,5.4142
2007-01-06,2007,15.9094
2007-01-07,2007,9.0215
2007-01-08,2007,5.2151
2007-01-09,2007,4.9835
2007-01-10,2007,4.4883
2007-01-11,2007,1.7873
2007-01-12,2007,0.114
2007-01-13,2007,2.1757
2007-01-14,2007,41.9805
2007-01-15,2007,86.5038
2007-01-16,2007,77.5037
2007-01-17,2007,64.1044
2007-01-18,2007,54.982
2007-01-19,2007,46.4673
2007-01-20,2007,77.1109
2007-01-21,2007,89.334
2007-01-22,2007,138.5057
2007-01-23,2007,162.678
2007-01-24,2007,144.9217
2007-01-25,2007,118.143
2007-01-26,2007,106.5241
2007-01-27,2007,92.716
2007-01-28,2007,77.5307
2007-01-29,2007,71.7303
2007-01-30,2007,64.4272
2007-01-31,2007,113.2457
2007-02-01,2007,206.3895
2007-02-02,2007,220.2386
2007-02-03,2007,199.8305
2007-02-04,2007,173.9331
2007-02-05,2007,152.1833
2007-02-06,2007,137.8525
2007-02-07,2007,73.148
2007-02-08,2007,35.7258
2007-02-09,2007,20.8693
2007-02-10,2007,14.6121
2007-02-11,2007,9.6617
2007-02-12,2007,6.7198
2007-02-13,2007,11.7135
2007-02-15,2007,188.099
2007-02-16,2007,162.7558
2007-02-17,2007,122.9848
2007-02-18,2007,107.1746
2007-02-19,2007,60.3778
2007-02-20,2007,38.8859
2007-02-21,2007,39.508
2007-02-22,2007,14.8734
2007-02-23,2007,6.4634
2007-02-24,2007,39.4443
2007-02-25,2007,26.5806
2007-02-26,2007,4.2333
2007-02-27,2007,1.4446
2007-02-28,2007,0.0215
2007-03-01,2007,0.0173
2007-03-02,2007,0.0093
2007-03-03,2007,0.0027
2007-03-04,2007,0
2007-03-05,2007,0
2007-03-06,2007,0
2007-03-07,2007,0
2007-03-08,2007,0
2007-03-09,2007,0
2007-03-10,2007,0
2007-03-11,2007,0
2007-03-12,2007,0
2007-03-13,2007,0
2007-03-14,2007,0
2007-03-15,2007,0
2007-03-16,2007,0
2007-03-17,2007,0
2007-03-18,2007,0
2007-03-19,2007,0
2007-03-20,2007,0
2007-03-21,2007,0
2007-03-22,2007,0
2007-03-23,2007,0
2007-03-24,2007,0
2007-03-25,2007,0
2007-03-27,2007,0
2007-03-28,2007,0
2007-03-29,2007,8.3016
2007-03-30,2007,16.4834
2007-03-31,2007,33.7896
2007-04-01,2007,0.2351
2007-04-02,2007,0
2007-04-03,2007,0
2007-04-04,2007,0
2007-04-05,2007,0
2007-04-06,2007,0
2007-04-07,2007,0
2007-04-08,2007,0
2007-04-09,2007,0
2007-04-10,2007,0
2007-04-11,2007,0
2007-04-12,2007,0
2007-04-13,2007,0
2007-04-14,2007,2.4664
2007-04-15,2007,0
2007-04-16,2007,0
2007-04-17,2007,0
2007-04-18,2007,0
2007-04-19,2007,0
2007-04-20,2007,0
2007-04-21,2007,0
2007-04-22,2007,0
2007-04-23,2007,0
2007-04-24,2007,0
2007-04-25,2007,0
2007-04-26,2007,0
2007-04-27,2007,0
2007-04-28,2007,0
2007-04-29,2007,0
2007-04-30,2007,0
2007-11-01,2008,0
2007-11-02,2008,0
2007-11-03,2008,0
2007-11-04,2008,0
2007-11-05,2008,0
2007-11-06,2008,0
2007-11-07,2008,0
2007-11-08,2008,0
2007-11-09,2008,0
2007-11-10,2008,0
2007-11-11,2008,0
2007-11-12,2008,0
2007-11-13,2008,0
2007-11-14,2008,0
2007-11-15,2008,0
2007-11-16,2008,0
2007-11-17,2008,0
2007-11-18,2008,0
2007-11-19,2008,0
2007-11-20,2008,0
2007-11-21,2008,0
2007-11-22,2008,0
2007-11-23,2008,0
2007-11-24,2008,0.3691
2007-11-25,2008,0.0237
2007-11-26,2008,0
2007-11-27,2008,0
2007-11-28,2008,0
2007-11-29,2008,0
2007-11-30,2008,0
2007-12-01,2008,0
2007-12-02,2008,0
2007-12-03,2008,0
2007-12-04,2008,0
2007-12-05,2008,0
2007-12-06,2008,0
2007-12-07,2008,0
2007-12-08,2008,0
2007-12-09,2008,96.058
2007-12-10,2008,111.0476
2007-12-11,2008,198.9447
2007-12-12,2008,248.0616
2007-12-13,2008,235.3482
2007-12-14,2008,223.7883
2007-12-15,2008,262.4727
2007-12-16,2008,246.7767
2007-12-17,2008,235.057
2007-12-18,2008,217.1381
2007-12-19,2008,199.0484
2007-12-20,2008,182.5159
2007-12-21,2008,170.0275
2007-12-22,2008,217.5709
2007-12-23,2008,206.7895
2007-12-24,2008,190.0686
2007-12-25,2008,178.3265
2007-12-26,2008,168.5408
2007-12-27,2008,162.7988
2007-12-28,2008,162.2313
2007-12-29,2008,155.7891
2007-12-30,2008,148.6819
2007-12-31,2008,139.0208
2008-01-01,2008,127.7539
2008-01-02,2008,120.102
2008-01-03,2008,103.7735
2008-01-04,2008,91.5231
2008-01-05,2008,77.4834
2008-01-06,2008,38.0188
2008-01-07,2008,67.6585
2008-01-08,2008,187.9065
2008-01-09,2008,179.2675
2008-01-10,2008,162.4846
2008-01-11,2008,153.0541
2008-01-12,2008,138.7361
2008-01-13,2008,132.3442
2008-01-14,2008,131.183
2008-01-15,2008,125.8956
2008-01-16,2008,114.1453
2008-01-17,2008,106.85
2008-01-18,2008,102.5582
2008-01-19,2008,97.4748
2008-01-20,2008,91.5994
2008-01-21,2008,78.9412
2008-01-22,2008,63.9324
2008-01-23,2008,56.8699
2008-01-24,2008,52.6091
2008-01-25,2008,61.7618
2008-01-26,2008,60.0598
2008-01-27,2008,54.1606
2008-01-28,2008,17
2008-01-29,2008,100.0394
2008-01-30,2008,93.7316
2008-01-31,2008,107.4977
2008-02-01,2008,51.1893
2008-02-02,2008,38.7798
2008-02-03,2008,41.5979
2008-02-04,2008,113.2396
2008-02-05,2008,270.3974
2008-02-06,2008,274.1097
2008-02-07,2008,251.7141
2008-02-08,2008,228.2412
2008-02-09,2008,205.5159
2008-02-10,2008,187.0467
2008-02-11,2008,179.4606
2008-02-12,2008,149.5628
2008-02-13,2008,137.4637
2008-02-14,2008,75.1869
2008-02-15,2008,64.9623
2008-02-16,2008,100.6812
2008-02-17,2008,99.0963
2008-02-18,2008,89.8959
2008-02-19,2008,83.5711
2008-02-20,2008,66.9872
2008-02-21,2008,61.3391
2008-02-22,2008,69.1407
2008-02-23,2008,145.9725
2008-02-24,2008,200.9349
2008-02-25,2008,88.1148
2008-02-26,2008,71.9114
2008-02-27,2008,65.2518
2008-02-28,2008,58.7936
2008-02-29,2008,40.3188
2008-03-01,2008,28.197
2008-03-02,2008,1.8802
2008-03-03,2008,17.3786
2008-03-04,2008,24.6526
2008-03-05,2008,0.9926
2008-03-06,2008,0.7776
2008-03-07,2008,0.6351
2008-03-08,2008,0.5534
2008-03-09,2008,0.4634
2008-03-10,2008,0.4323
2008-03-11,2008,0.2872
2008-03-12,2008,1.2366
2008-03-14,2008,0
2008-03-15,2008,0
2008-03-16,2008,0
2008-03-17,2008,0
2008-03-18,2008,2.4113
2008-03-19,2008,0
2008-03-20,2008,0
2008-03-21,2008,0
2008-03-22,2008,0
2008-03-23,2008,0
2008-03-24,2008,0
2008-03-25,2008,0
2008-03-26,2008,0
2008-03-27,2008,0
2008-03-28,2008,0
2008-03-29,2008,0
2008-03-30,2008,0
2008-03-31,2008,0
2008-04-01,2008,0
2008-04-02,2008,0
2008-04-03,2008,0
2008-04-04,2008,0
2008-04-05,2008,0
2008-04-06,2008,0
2008-04-07,2008,0
2008-04-08,2008,0
2008-04-09,2008,0
2008-04-10,2008,6.0789
2008-04-11,2008,7.9013
2008-04-12,2008,0
2008-04-13,2008,0
2008-04-14,2008,0
2008-04-15,2008,0
2008-04-16,2008,0
2008-04-17,2008,0
2008-04-18,2008,0
2008-04-19,2008,0
2008-04-20,2008,0
2008-04-21,2008,0
2008-04-22,2008,0
2008-04-23,2008,0
2008-04-24,2008,0
2008-04-25,2008,0
2008-04-26,2008,0
2008-04-27,2008,0
2008-04-28,2008,0
2008-04-29,2008,0
2008-04-30,2008,0
2008-11-01,2009,0
2008-11-02,2009,0
2008-11-03,2009,0
2008-11-04,2009,0
2008-11-05,2009,0
2008-11-06,2009,0
2008-11-07,2009,0
2008-11-08,2009,0
2008-11-09,2009,0
2008-11-10,2009,0
2008-11-11,2009,0.3112
2008-11-12,2009,0.0523
2008-11-13,2009,0
2008-11-14,2009,0
2008-11-15,2009,0
2008-11-16,2009,0
2008-11-17,2009,0
2008-11-18,2009,0
2008-11-19,2009,0
2008-11-20,2009,0
2008-11-21,2009,0
2008-11-22,2009,0
2008-11-23,2009,0
2008-11-24,2009,0
2008-11-25,2009,0
2008-11-26,2009,0
2008-11-27,2009,0
2008-11-28,2009,0
2008-11-29,2009,2.4533
2008-11-30,2009,0
2008-12-01,2009,0
2008-12-02,2009,0
2008-12-03,2009,0
2008-12-04,2009,0
2008-12-05,2009,0
2008-12-06,2009,0
2008-12-07,2009,0
2008-12-08,2009,0
2008-12-09,2009,34.1578
2008-12-10,2009,64.6157
2008-12-11,2009,20.8703
2008-12-12,2009,10.4045
2008-12-13,2009,0
2008-12-14,2009,0
2008-12-15,2009,117.1204
2008-12-16,2009,199.9796
2008-12-17,2009,285.5493
2008-12-18,2009,256.4105
2008-12-19,2009,280.5111
2008-12-20,2009,255.4371
2008-12-21,2009,225.4024
2008-12-22,2009,207.6694
2008-12-23,2009,290.85
2008-12-24,2009,527.8171
2008-12-25,2009,488.0195
2008-12-26,2009,471.6637
2008-12-27,2009,510.4445
2008-12-28,2009,483.9585
2008-12-29,2009,460.0584
2008-12-30,2009,443.1603
2008-12-31,2009,426.7169
2009-01-01,2009,399.7043
2009-01-02,2009,363.8616
2009-01-03,2009,303.2587
2009-01-04,2009,280.6817
2009-01-05,2009,428.5828
2009-01-06,2009,432.1586
2009-01-07,2009,417.5535
2009-01-08,2009,396.6366
2009-01-09,2009,375.1929
2009-01-10,2009,355.5875
2009-01-11,2009,344.2322
2009-01-12,2009,328.118
2009-01-13,2009,307.7395
2009-01-14,2009,314.5888
2009-01-15,2009,300.7525
2009-01-16,2009,291.6947
2009-01-17,2009,285.0454
2009-01-18,2009,279.2802
2009-01-19,2009,274.1846
2009-01-20,2009,266.6773
2009-01-21,2009,264.2499
2009-01-22,2009,257.1008
2009-01-23,2009,219.131
2009-01-24,2009,155.0914
2009-01-25,2009,104.8054
2009-01-26,2009,80.6572
2009-01-27,2009,100.2926
2009-01-28,2009,107.0807
2009-01-29,2009,91.4296
2009-01-30,2009,79.3719
2009-01-31,2009,73.1697
2009-02-01,2009,68.2035
2009-02-02,2009,61.8016
2009-02-03,2009,55.2995
2009-02-04,2009,50.8678
2009-02-05,2009,46.1795
2009-02-06,2009,35.9072
2009-02-07,2009,16.1406
2009-02-08,2009,7.3458
2009-02-09,2009,9.31
2009-02-10,2009,23.2077
2009-02-11,2009,94.4538
2009-02-12,2009,79.773
2009-02-13,2009,54.8243
2009-02-14,2009,45.7407
2009-02-15,2009,33.8895
2009-02-16,2009,25.8882
2009-02-17,2009,16.0081
2009-02-18,2009,14.1062
2009-02-19,2009,27.4535
2009-02-20,2009,20.6436
2009-02-21,2009,16.0045
2009-02-22,2009,13.1422
2009-02-23,2009,3.9943
2009-02-24,2009,0
2009-02-25,2009,0
2009-02-26,2009,0
2009-02-27,2009,0
2009-02-28,2009,0
2009-03-01,2009,0
2009-03-02,2009,0
2009-03-03,2009,0
2009-03-04,2009,0
2009-03-05,2009,0
2009-03-06,2009,0
2009-03-07,2009,0
2009-03-08,2009,0
2009-03-09,2009,0
2009-03-10,2009,0
2009-03-11,2009,0
2009-03-12,2009,0
2009-03-13,2009,0
2009-03-14,2009,3.774
2009-03-15,2009,3.3911
2009-03-16,2009,0
2009-03-17,2009,0
2009-03-18,2009,0
2009-03-19,2009,0
2009-03-20,2009,0
2009-03-21,2009,0
2009-03-22,2009,0
2009-03-23,2009,0
2009-03-24,2009,3.8554
2009-03-25,2009,0.035
2009-03-26,2009,0
2009-03-27,2009,5.6578
2009-03-28,2009,0.075
2009-03-29,2009,0
2009-03-30,2009,0
2009-03-31,2009,12.411
2009-04-01,2009,0
2009-04-02,2009,0
2009-04-03,2009,0
2009-04-04,2009,1.0187
2009-04-05,2009,0
2009-04-06,2009,0
2009-04-07,2009,0
2009-04-08,2009,0
2009-04-09,2009,0
2009-04-10,2009,0
2009-04-11,2009,0
2009-04-12,2009,0
2009-04-13,2009,0
2009-04-14,2009,0
2009-04-15,2009,0
2009-04-16,2009,3.2947
2009-04-17,2009,0.0033
2009-04-18,2009,6.405
2009-04-19,2009,0
2009-04-20,2009,0
2009-04-21,2009,0
2009-04-22,2009,0
2009-04-23,2009,0
2009-04-24,2009,0
2009-04-25,2009,0
2009-04-26,2009,0
2009-04-27,2009,0
2009-04-28,2009,0
2009-04-29,2009,0
2009-04-30,2009,0
2009-11-01,2010,29.8761
2009-11-02,2010,0
2009-11-03,2010,0
2009-11-04,2010,0
2009-11-05,2010,0
2009-11-06,2010,0
2009-11-07,2010,0
2009-11-08,2010,0
2009-11-09,2010,0
2009-11-10,2010,0
2009-11-11,2010,0
2009-11-12,2010,0
2009-11-13,2010,0
2009-11-14,2010,0
2009-11-15,2010,0
2009-11-16,2010,0
2009-11-17,2010,0
2009-11-18,2010,0
2009-11-19,2010,0
2009-11-20,2010,0
2009-11-21,2010,0
2009-11-22,2010,0
2009-11-23,2010,0
2009-11-24,2010,0
2009-11-25,2010,0
2009-11-26,2010,0
2009-11-27,2010,0
2009-11-28,2010,0
2009-11-29,2010,0
2009-11-30,2010,27.9394
2009-12-01,2010,19.6066
2009-12-02,2010,5.6556
2009-12-03,2010,0.9782
2009-12-04,2010,0.392
2009-12-05,2010,0.021
2009-12-06,2010,0
2009-12-07,2010,0
2009-12-08,2010,78.8649
2009-12-09,2010,138.6776
2009-12-10,2010,121.485
2009-12-11,2010,107.9737
2009-12-12,2010,95.8618
2009-12-13,2010,84.9632
2009-12-14,2010,88.8426
2009-12-15,2010,71.5993
2009-12-16,2010,66.5355
2009-12-17,2010,58.735
2009-12-18,2010,46.1515
2009-12-19,2010,33.6605
2009-12-20,2010,29.4931
2009-12-21,2010,21.0808
2009-12-22,2010,10.6379
2009-12-23,2010,47.503
2009-12-24,2010,64.3137
2009-12-25,2010,51.8364
2009-12-26,2010,40.6742
2009-12-27,2010,36.4705
2009-12-28,2010,32.888
2009-12-29,2010,26.5405
2009-12-30,2010,44.3964
2009-12-31,2010,126.0034
2010-01-01,2010,462.1173
2010-01-02,2010,416.0466
2010-01-03,2010,379.9079
2010-01-04,2010,355.1347
2010-01-05,2010,340.1701
2010-01-06,2010,322.9171
2010-01-07,2010,301.1007
2010-01-08,2010,285.7577
2010-01-09,2010,275.5711
2010-01-10,2010,262.8848
2010-01-11,2010,254.1524
2010-01-12,2010,242.332
2010-01-13,2010,229.0979
2010-01-14,2010,210.0726
2010-01-15,2010,206.1349
2010-01-16,2010,198.9336
2010-01-17,2010,191.7905
2010-01-18,2010,180.9283
2010-01-19,2010,193.4765
2010-01-20,2010,233.4504
2010-01-21,2010,273.1055
2010-01-22,2010,343.8129
2010-01-23,2010,433.0164
2010-01-24,2010,465.035
2010-01-25,2010,441.2087
2010-01-26,2010,490.7851
2010-01-27,2010,470.5848
2010-01-28,2010,450.7461
2010-01-29,2010,531.1494
2010-01-30,2010,513.4718
2010-01-31,2010,496.2677
2010-02-01,2010,479.4866
2010-02-02,2010,466.4731
2010-02-03,2010,455.1811
2010-02-04,2010,520.023
2010-02-05,2010,508.964
2010-02-06,2010,451.0079
2010-02-07,2010,438.0891
2010-02-08,2010,434.522
2010-02-09,2010,440.0995
2010-02-10,2010,433.2765
2010-02-11,2010,428.815
2010-02-12,2010,418.3586
2010-02-13,2010,399.6117
2010-02-14,2010,380.9829
2010-02-15,2010,363.7371
2010-02-16,2010,355.4032
2010-02-17,2010,349.4372
2010-02-18,2010,343.2358
2010-02-19,2010,329.5344
2010-02-20,2010,316.1045
2010-02-21,2010,309.3964
2010-02-22,2010,319.2485
2010-02-23,2010,407.2855
2010-02-24,2010,548.2607
2010-02-25,2010,527.2397
2010-02-26,2010,514.0623
2010-02-27,2010,500.4383
2010-02-28,2010,482.722
2010-03-01,2010,469.4081
2010-03-02,2010,461.6534
2010-03-03,2010,453.1767
2010-03-04,2010,441.2195
2010-03-05,2010,396.7656
2010-03-06,2010,415.3412
2010-03-07,2010,398.1762
2010-03-08,2010,349.8307
2010-03-09,2010,362.755
2010-03-10,2010,370.5647
2010-03-11,2010,404.9664
2010-03-12,2010,413.8931
2010-03-13,2010,393.3743
2010-03-14,2010,335.1634
2010-03-15,2010,340.5759
2010-03-16,2010,347.0447
2010-03-17,2010,324.5502
2010-03-18,2010,299.4353
2010-03-19,2010,248.8232
2010-03-20,2010,223.28
2010-03-21,2010,219.5179
2010-03-22,2010,208.5594
2010-03-23,2010,164.245
2010-03-24,2010,156.8032
2010-03-25,2010,160.0146
2010-03-26,2010,138.8998
2010-03-27,2010,132.3938
2010-03-28,2010,127.7214
2010-03-29,2010,124.4697
2010-03-30,2010,105.3148
2010-03-31,2010,35.6733
2010-04-01,2010,9.6767
2010-04-02,2010,12.8525
2010-04-03,2010,7.9189
2010-04-04,2010,4.7545
2010-04-05,2010,0.7512
2010-04-06,2010,0
2010-04-07,2010,0
2010-04-08,2010,0
2010-04-09,2010,0
2010-04-10,2010,0
2010-04-11,2010,0
2010-04-12,2010,0
2010-04-13,2010,0
2010-04-14,2010,0
2010-04-15,2010,0
2010-04-16,2010,0
2010-04-17,2010,0
2010-04-18,2010,0
2010-04-19,2010,0
2010-04-20,2010,0
2010-04-21,2010,0
2010-04-22,2010,0
2010-04-23,2010,1.8745
2010-04-24,2010,0.6185
2010-04-25,2010,0
2010-04-26,2010,0
2010-04-27,2010,0
2010-04-28,2010,0
2010-04-29,2010,0
2010-04-30,2010,3.9223
2010-11-01,2011,0
2010-11-02,2011,0
2010-11-03,2011,0
2010-11-04,2011,0
2010-11-05,2011,0
2010-11-06,2011,0
2010-11-07,2011,0
2010-11-08,2011,0
2010-11-09,2011,0
2010-11-10,2011,0.001
2010-11-11,2011,0
2010-11-12,2011,0
2010-11-13,2011,0
2010-11-14,2011,0
2010-11-15,2011,0
2010-11-16,2011,0
2010-11-17,2011,0
2010-11-18,2011,0
2010-11-19,2011,0
2010-11-20,2011,0
2010-11-21,2011,0
2010-11-22,2011,0
2010-11-23,2011,37.8622
2010-11-24,2011,9.4795
2010-11-25,2011,37.0956
2010-11-26,2011,30.706
2010-11-27,2011,17.4181
2010-11-28,2011,0.0158
2010-11-29,2011,26.2582
2010-11-30,2011,20.8214
2010-12-01,2011,6.8507
2010-12-02,2011,0.0335
2010-12-03,2011,0
2010-12-04,2011,0
2010-12-05,2011,0
2010-12-06,2011,0
2010-12-07,2011,0
2010-12-08,2011,0
2010-12-09,2011,0
2010-12-10,2011,0
2010-12-11,2011,0
2010-12-12,2011,0
2010-12-13,2011,0
2010-12-14,2011,0
2010-12-15,2011,0
2010-12-16,2011,0
2010-12-17,2011,117.3301
2010-12-18,2011,114.5085
2010-12-19,2011,64.4384
2010-12-20,2011,0.4872
2010-12-21,2011,0
2010-12-22,2011,0
2010-12-23,2011,0
2010-12-24,2011,6.0382
2010-12-25,2011,2.8037
2010-12-26,2011,0.4232
2010-12-27,2011,0
2010-12-28,2011,0
2010-12-29,2011,0
2010-12-30,2011,45.519
2010-12-31,2011,184.6729
2011-01-01,2011,168.1443
2011-01-02,2011,154.5477
2011-01-03,2011,140.9408
2011-01-04,2011,125.6078
2011-01-05,2011,222.7904
2011-01-06,2011,208.4816
2011-01-07,2011,195.7502
2011-01-08,2011,182.3987
2011-01-09,2011,172.4322
2011-01-10,2011,157.8784
2011-01-11,2011,174.0796
2011-01-12,2011,151.7885
2011-01-13,2011,141.9944
2011-01-14,2011,120.8313
2011-01-15,2011,101.7394
2011-01-16,2011,71.3031
2011-01-17,2011,26.6702
2011-01-18,2011,0
2011-01-19,2011,6.0015
2011-01-20,2011,0.7103
2011-01-21,2011,0.3393
2011-01-22,2011,0.1484
2011-01-23,2011,0
2011-01-24,2011,0
2011-01-25,2011,0
2011-01-26,2011,0
2011-01-27,2011,0
2011-01-28,2011,0
2011-01-29,2011,0
2011-01-30,2011,0
2011-01-31,2011,0
2011-02-01,2011,3.5209
2011-02-02,2011,34.1112
2011-02-03,2011,96.1832
2011-02-04,2011,83.9775
2011-02-05,2011,65.7533
2011-02-06,2011,30.3378
2011-02-07,2011,17.9791
2011-02-08,2011,7.121
2011-02-09,2011,22.0706
2011-02-10,2011,98.118
2011-02-11,2011,82.4034
2011-02-12,2011,66.0997
2011-02-13,2011,47.9811
2011-02-14,2011,4.7699
2011-02-15,2011,0
2011-02-16,2011,0
2011-02-17,2011,0
2011-02-18,2011,0
2011-02-19,2011,0
2011-02-20,2011,4.6624
2011-02-21,2011,46.7547
2011-02-22,2011,39.0811
2011-02-23,2011,49.5382
2011-02-24,2011,37.6353
2011-02-25,2011,32.6165
2011-02-26,2011,23.1391
2011-02-27,2011,16.0128
2011-02-28,2011,21.7749
2011-03-01,2011,13.4746
2011-03-02,2011,9.5816
2011-03-03,2011,1.8977
2011-03-04,2011,0.159
2011-03-05,2011,0.0212
2011-03-06,2011,0
2011-03-07,2011,0
2011-03-08,2011,58.0065
2011-03-09,2011,101.0884
2011-03-10,2011,52.0146
2011-03-11,2011,6.375
2011-03-12,2011,0
2011-03-13,2011,0
2011-03-14,2011,0
2011-03-15,2011,0
2011-03-16,2011,0
2011-03-17,2011,0
2011-03-18,2011,0
2011-03-19,2011,0
2011-03-20,2011,0
2011-03-21,2011,0
2011-03-22,2011,0
2011-03-23,2011,5.677
2011-03-24,2011,0
2011-03-25,2011,0
2011-03-26,2011,0
2011-03-27,2011,0
2011-03-28,2011,0
2011-03-29,2011,0
2011-03-30,2011,0
2011-03-31,2011,0
2011-04-01,2011,0
2011-04-02,2011,0
2011-04-03,2011,0
2011-04-04,2011,0
2011-04-05,2011,0
2011-04-06,2011,0
2011-04-07,2011,0
2011-04-08,2011,0
2011-04-09,2011,0
2011-04-10,2011,9.9469
2011-04-11,2011,1.0404
2011-04-12,2011,0
2011-04-13,2011,0
2011-04-14,2011,0
2011-04-15,2011,0
2011-04-16,2011,0
2011-04-17,2011,0
2011-04-18,2011,0
2011-04-19,2011,0
2011-04-20,2011,0
2011-04-21,2011,0
2011-04-22,2011,0
2011-04-23,2011,0
2011-04-24,2011,0
2011-04-25,2011,0
2011-04-26,2011,0
2011-04-27,2011,0
2011-04-28,2011,0
2011-04-29,2011,0
2011-04-30,2011,0
2011-11-01,2012,0
2011-11-02,2012,0
2011-11-03,2012,0
2011-11-04,2012,0
2011-11-05,2012,0
2011-11-06,2012,8.301
2011-11-07,2012,3.7756
2011-11-08,2012,16.2476
2011-11-09,2012,31.9309
2011-11-10,2012,25.4007
2011-11-11,2012,11.958
2011-11-12,2012,0.1738
2011-11-13,2012,0
2011-11-14,2012,0
2011-11-15,2012,0
2011-11-16,2012,0
2011-11-17,2012,0
2011-11-18,2012,0
2011-11-19,2012,0
2011-11-20,2012,0
2011-11-21,2012,0
2011-11-22,2012,0
2011-11-23,2012,0
2011-11-24,2012,0
2011-11-25,2012,0
2011-11-26,2012,0
2011-11-27,2012,0
2011-11-28,2012,0
2011-11-29,2012,0
2011-11-30,2012,0
2011-12-01,2012,0
2011-12-02,2012,0
2011-12-03,2012,58.4351
2011-12-04,2012,103.3659
2011-12-05,2012,101.1828
2011-12-06,2012,131.6934
2011-12-07,2012,118.4387
2011-12-08,2012,30.6597
2011-12-09,2012,21.7142
2011-12-10,2012,15.496
2011-12-11,2012,9.34
2011-12-12,2012,4.3988
2011-12-13,2012,19.4257
2011-12-14,2012,46.4487
2011-12-15,2012,104.6856
2011-12-16,2012,94.3126
2011-12-17,2012,83.1108
2011-12-18,2012,48.1019
2011-12-19,2012,9.2211
2011-12-20,2012,71.185
2011-12-21,2012,211.756
2011-12-22,2012,196.9598
2011-12-23,2012,345.8866
2011-12-24,2012,323.1369
2011-12-25,2012,298.617
2011-12-26,2012,279.2569
2011-12-27,2012,260.0999
2011-12-28,2012,230.7683
2011-12-29,2012,210.5842
2011-12-30,2012,177.2371
2011-12-31,2012,134.5638
2012-01-01,2012,74.5294
2012-01-02,2012,68.2682
2012-01-03,2012,61.5933
2012-01-04,2012,132.8364
2012-01-05,2012,124.4163
2012-01-06,2012,116.4122
2012-01-07,2012,106.3933
2012-01-08,2012,85.7982
2012-01-09,2012,96.619
2012-01-10,2012,110.6718
2012-01-11,2012,101.151
2012-01-12,2012,86.892
2012-01-13,2012,81.0535
2012-01-14,2012,72.7534
2012-01-15,2012,68.0323
2012-01-16,2012,56.1793
2012-01-17,2012,68.9504
2012-01-18,2012,97.2672
2012-01-19,2012,71.0464
2012-01-20,2012,36.7468
2012-01-21,2012,27.1156
2012-01-22,2012,9.4908
2012-01-23,2012,21.6021
2012-01-24,2012,19.4607
2012-01-25,2012,30.7341
2012-01-26,2012,22.4926
2012-01-27,2012,10.4629
2012-01-28,2012,8.6702
2012-01-29,2012,7.8648
2012-01-30,2012,7.0489
2012-01-31,2012,5.0536
2012-02-01,2012,3.6499
2012-02-02,2012,3.168
2012-02-03,2012,3.3289
2012-02-04,2012,16.2457
2012-02-05,2012,7.1975
2012-02-06,2012,3.6363
2012-02-07,2012,5.5613
2012-02-08,2012,3.2865
2012-02-09,2012,2.9472
2012-02-10,2012,2.4384
2012-02-11,2012,1.7599
2012-02-12,2012,0.2756
2012-02-13,2012,5.3669
2012-02-14,2012,21.2337
2012-02-15,2012,33.887
2012-02-16,2012,30.4158
2012-02-17,2012,20.9033
2012-02-18,2012,11.9391
2012-02-19,2012,6.2812
2012-02-20,2012,29.9775
2012-02-21,2012,21.1625
2012-02-22,2012,4.7824
2012-02-23,2012,0.106
2012-02-24,2012,0
2012-02-25,2012,0
2012-02-26,2012,0
2012-02-27,2012,0
2012-02-28,2012,0
2012-02-29,2012,5.8273
2012-03-01,2012,0
2012-03-02,2012,0
2012-03-03,2012,9.1295
2012-03-04,2012,0
2012-03-05,2012,0
2012-03-06,2012,0
2012-03-07,2012,0
2012-03-08,2012,0
2012-03-09,2012,19.1267
2012-03-10,2012,11.5194
2012-03-11,2012,9.5271
2012-03-12,2012,0
2012-03-13,2012,0
2012-03-14,2012,0
2012-03-15,2012,0
2012-03-16,2012,0
2012-03-17,2012,0
2012-03-18,2012,0
2012-03-19,2012,25.8749
2012-03-20,2012,53.5907
2012-03-21,2012,30.8649
2012-03-22,2012,0.1484
2012-03-23,2012,0
2012-03-24,2012,0
2012-03-25,2012,0
2012-03-26,2012,0
2012-03-27,2012,0
2012-03-28,2012,0
2012-03-29,2012,0
2012-03-30,2012,0
2012-03-31,2012,0
2012-04-01,2012,0
2012-04-02,2012,0
2012-04-03,2012,16.3613
2012-04-04,2012,12.5297
2012-04-05,2012,0
2012-04-06,2012,0
2012-04-07,2012,0
2012-04-08,2012,0
2012-04-09,2012,0
2012-04-10,2012,0
2012-04-11,2012,0
2012-04-12,2012,0
2012-04-13,2012,0
2012-04-14,2012,0
2012-04-15,2012,13.8441
2012-04-16,2012,1.7567
2012-04-17,2012,0
2012-04-18,2012,0
2012-04-19,2012,0
2012-04-20,2012,0
2012-04-21,2012,0
2012-04-22,2012,0
2012-04-23,2012,0
2012-04-24,2012,0
2012-04-25,2012,0
2012-04-26,2012,0
2012-04-27,2012,0
2012-04-28,2012,0
2012-04-29,2012,0
2012-04-30,2012,0
2012-11-01,2013,0
2012-11-02,2013,0
2012-11-03,2013,0
2012-11-04,2013,0
2012-11-05,2013,0
2012-11-06,2013,0
2012-11-07,2013,0
2012-11-08,2013,0
2012-11-09,2013,0
2012-11-10,2013,0
2012-11-11,2013,56.8455
2012-11-12,2013,51.5388
2012-11-13,2013,43.4565
2012-11-14,2013,33.7579
2012-11-15,2013,16.259
2012-11-16,2013,4.7679
2012-11-17,2013,0
2012-11-18,2013,0
2012-11-19,2013,0
2012-11-20,2013,0
2012-11-21,2013,0
2012-11-22,2013,0
2012-11-23,2013,0
2012-11-24,2013,0
2012-11-25,2013,0
2012-11-26,2013,0
2012-11-27,2013,0
2012-11-28,2013,0
2012-11-29,2013,0
2012-11-30,2013,0
2012-12-01,2013,0
2012-12-02,2013,0
2012-12-03,2013,0
2012-12-04,2013,0
2012-12-05,2013,0
2012-12-06,2013,0
2012-12-07,2013,0
2012-12-08,2013,0
2012-12-09,2013,0
2012-12-10,2013,26.7878
2012-12-11,2013,13.2559
2012-12-12,2013,4.7498
2012-12-13,2013,0
2012-12-14,2013,0
2012-12-15,2013,0
2012-12-16,2013,109.8801
2012-12-17,2013,120.2274
2012-12-18,2013,92.4807
2012-12-19,2013,94.399
2012-12-21,2013,161.4862
2012-12-22,2013,135.9048
2012-12-23,2013,99.1696
2012-12-24,2013,85.9855
2012-12-25,2013,92.5733
2012-12-26,2013,94.5087
2012-12-27,2013,92.5721
2012-12-28,2013,100.9874
2012-12-29,2013,105.8964
2012-12-30,2013,96.4197
2012-12-31,2013,95.0103
2013-01-01,2013,191.3762
2013-01-02,2013,184.0369
2013-01-03,2013,176.0238
2013-01-04,2013,169.3245
2013-01-05,2013,163.2247
2013-01-06,2013,154.7138
2013-01-07,2013,138.3457
2013-01-08,2013,127.1312
2013-01-09,2013,117.182
2013-01-10,2013,106.3252
2013-01-11,2013,147.6464
2013-01-12,2013,165.3657
2013-01-13,2013,160.8362
2013-01-14,2013,155.1362
2013-01-15,2013,157.9987
2013-01-16,2013,153.4508
2013-01-17,2013,146.1109
2013-01-18,2013,140.9623
2013-01-19,2013,141.8157
2013-01-20,2013,135.3027
2013-01-21,2013,128.3648
2013-01-22,2013,122.5722
2013-01-23,2013,111.2155
2013-01-24,2013,97.9629
2013-01-25,2013,56.0378
2013-01-26,2013,32.1701
2013-01-27,2013,8.1326
2013-01-28,2013,4.8876
2013-01-29,2013,114.4051
2013-01-30,2013,153.1935
2013-01-31,2013,143.9512
2013-02-01,2013,128.1608
2013-02-02,2013,108.6611
2013-02-03,2013,100.7532
2013-02-04,2013,89.5905
2013-02-05,2013,83.5701
2013-02-06,2013,65.3363
2013-02-07,2013,47.3289
2013-02-08,2013,44.0571
2013-02-09,2013,24.5779
2013-02-10,2013,43.0505
2013-02-11,2013,48.1592
2013-02-12,2013,76.6062
2013-02-13,2013,69.2727
2013-02-14,2013,58.7994
2013-02-15,2013,46.0225
2013-02-16,2013,34.7096
2013-02-17,2013,26.1268
2013-02-18,2013,16.9477
2013-02-19,2013,13.7303
2013-02-20,2013,10.6329
2013-02-21,2013,67.5305
2013-02-22,2013,88.2585
2013-02-23,2013,110.8816
2013-02-24,2013,84.2477
2013-02-25,2013,91.347
2013-02-26,2013,77.1389
2013-02-27,2013,192.814
2013-02-28,2013,181.236
2013-03-01,2013,166.221
2013-03-02,2013,136.7973
2013-03-03,2013,92.4223
2013-03-04,2013,28.9582
2013-03-05,2013,20.5274
2013-03-06,2013,15.8053
2013-03-07,2013,4.6753
2013-03-08,2013,0.7845
2013-03-09,2013,42.2442
2013-03-10,2013,65.8249
2013-03-11,2013,49.194
2013-03-12,2013,15.5673
2013-03-13,2013,4.2803
2013-03-14,2013,0.8057
2013-03-15,2013,0
2013-03-16,2013,0
2013-03-17,2013,0
2013-03-18,2013,0
2013-03-19,2013,0.159
2013-03-20,2013,0
2013-03-21,2013,0
2013-03-22,2013,0
2013-03-23,2013,0
2013-03-24,2013,0
2013-03-25,2013,0
2013-03-26,2013,0
2013-03-27,2013,0
2013-03-28,2013,0
2013-03-29,2013,0
2013-03-30,2013,0
2013-03-31,2013,0
2013-04-01,2013,0
2013-04-02,2013,0
2013-04-03,2013,0
2013-04-04,2013,0
2013-04-05,2013,0
2013-04-06,2013,0
2013-04-07,2013,0
2013-04-08,2013,0
2013-04-09,2013,0
2013-04-10,2013,46.4964
2013-04-11,2013,42.4246
2013-04-12,2013,0.7333
2013-04-13,2013,0
2013-04-14,2013,0
2013-04-15,2013,0
2013-04-16,2013,0
2013-04-17,2013,0
2013-04-18,2013,38.4414
2013-04-19,2013,17.7428
2013-04-20,2013,0.053
2013-04-21,2013,0
2013-04-22,2013,0
2013-04-23,2013,0
2013-04-24,2013,0
2013-04-25,2013,0
2013-04-26,2013,0
2013-04-27,2013,0
2013-04-28,2013,0
2013-04-29,2013,0
2013-04-30,2013,0
2013-11-01,2014,0
2013-11-02,2014,0
2013-11-03,2014,0
2013-11-04,2014,0
2013-11-05,2014,0
2013-11-06,2014,35.9024
2013-11-07,2014,25.6881
2013-11-08,2014,0
2013-11-09,2014,0
2013-11-10,2014,0
2013-11-11,2014,0
2013-11-12,2014,0
2013-11-13,2014,0
2013-11-14,2014,0
2013-11-15,2014,0
2013-11-16,2014,0
2013-11-17,2014,0
2013-11-18,2014,0
2013-11-19,2014,0
2013-11-20,2014,0
2013-11-21,2014,3.8473
2013-11-22,2014,0
2013-11-23,2014,21.2636
2013-11-24,2014,65.6005
2013-11-25,2014,141.206
2013-11-26,2014,142.3941
2013-11-27,2014,134.73
2013-11-28,2014,74.7794
2013-11-29,2014,40.5699
2013-11-30,2014,15.0284
2013-12-01,2014,5.7602
2013-12-02,2014,3.8428
2013-12-03,2014,0
2013-12-04,2014,0
2013-12-05,2014,31.4251
2013-12-06,2014,32.8283
2013-12-07,2014,26.5706
2013-12-08,2014,19.9284
2013-12-09,2014,61.7861
2013-12-10,2014,60.8549
2013-12-11,2014,54.1471
2013-12-12,2014,48.6402
2013-12-13,2014,22.8224
2013-12-14,2014,21.7559
2013-12-15,2014,17.1738
2013-12-16,2014,11.1221
2013-12-17,2014,0
2013-12-18,2014,0
2013-12-19,2014,0
2013-12-20,2014,0
2013-12-21,2014,38.8194
2013-12-22,2014,69.4708
2013-12-23,2014,62.758
2013-12-24,2014,56.9391
2013-12-25,2014,29.8958
2013-12-26,2014,23.7423
2013-12-27,2014,14.7328
2013-12-28,2014,11.2256
2013-12-29,2014,2.8817
2013-12-30,2014,1.5053
2013-12-31,2014,0.0089
2014-01-01,2014,0
2014-01-02,2014,0
2014-01-03,2014,0
2014-01-04,2014,0
2014-01-05,2014,0
2014-01-06,2014,0
2014-01-07,2014,0
2014-01-08,2014,0
2014-01-09,2014,0
2014-01-10,2014,0
2014-01-11,2014,0
2014-01-12,2014,0
2014-01-13,2014,0
2014-01-14,2014,0
2014-01-15,2014,0
2014-01-16,2014,0
2014-01-17,2014,0
2014-01-18,2014,0
2014-01-19,2014,0
2014-01-20,2014,0
2014-01-21,2014,0
2014-01-22,2014,0
2014-01-23,2014,0
2014-01-24,2014,0
2014-01-25,2014,0
2014-01-26,2014,0
2014-01-27,2014,0
2014-01-28,2014,0
2014-01-29,2014,0
2014-01-30,2014,0
2014-01-31,2014,0
2014-02-01,2014,24.2373
2014-02-02,2014,53.3939
2014-02-03,2014,45.5646
2014-02-04,2014,67.2514
2014-02-05,2014,71.7418
2014-02-06,2014,116.1468
2014-02-07,2014,122.5912
2014-02-08,2014,131.3653
2014-02-09,2014,26.1031
2014-02-10,2014,0
2014-02-11,2014,0
2014-02-12,2014,0
2014-02-13,2014,0
2014-02-14,2014,0
2014-02-15,2014,0
2014-02-16,2014,0
2014-02-17,2014,0
2014-02-18,2014,0
2014-02-19,2014,0
2014-02-20,2014,0
2014-02-21,2014,0
2014-02-22,2014,0
2014-02-23,2014,0
2014-02-24,2014,0
2014-02-25,2014,0
2014-02-26,2014,0
2014-02-27,2014,0
2014-02-28,2014,0
2014-03-01,2014,0
2014-03-02,2014,4.1085
2014-03-03,2014,29.4128
2014-03-04,2014,9.7483
2014-03-05,2014,0.3933
2014-03-06,2014,0.0104
2014-03-07,2014,0
2014-03-08,2014,0
2014-03-09,2014,0
2014-03-10,2014,0
2014-03-11,2014,0
2014-03-12,2014,0
2014-03-13,2014,0
2014-03-14,2014,0
2014-03-15,2014,4.2375
2014-03-16,2014,0.09
2014-03-17,2014,0
2014-03-18,2014,0
2014-03-19,2014,0
2014-03-20,2014,0
2014-03-21,2014,0
2014-03-22,2014,0
2014-03-23,2014,0
2014-03-24,2014,0
2014-03-25,2014,0
2014-03-26,2014,0
2014-03-27,2014,0
2014-03-28,2014,0
2014-03-29,2014,0
2014-03-30,2014,0
2014-03-31,2014,0
2014-04-01,2014,0
2014-04-02,2014,0
2014-04-03,2014,0
2014-04-04,2014,0
2014-04-05,2014,0
2014-04-06,2014,0
2014-04-07,2014,0
2014-04-08,2014,0
2014-04-09,2014,0
2014-04-10,2014,0
2014-04-11,2014,0
2014-04-12,2014,0
2014-04-13,2014,0
2014-04-14,2014,0
2014-04-15,2014,0
2014-04-16,2014,0
2014-04-17,2014,0
2014-04-18,2014,0
2014-04-19,2014,0
2014-04-20,2014,0
2014-04-21,2014,0
2014-04-22,2014,0
2014-04-23,2014,0
2014-04-24,2014,0
2014-04-25,2014,0
2014-04-26,2014,0
2014-04-27,2014,40.4805
2014-04-28,2014,1.4915
2014-04-29,2014,0
2014-04-30,2014,0
2014-11-01,2015,0
2014-11-02,2015,0
2014-11-03,2015,0
2014-11-04,2015,0
2014-11-05,2015,0
2014-11-06,2015,0
2014-11-07,2015,0
2014-11-08,2015,0
2014-11-09,2015,0
2014-11-10,2015,0
2014-11-11,2015,0
2014-11-12,2015,0
2014-11-13,2015,0
2014-11-14,2015,0
2014-11-15,2015,0
2014-11-16,2015,0
2014-11-17,2015,58.0984
2014-11-18,2015,50.8078
2014-11-19,2015,41.1258
2014-11-20,2015,25.2678
2014-11-21,2015,7.9411
2014-11-22,2015,6.0817
2014-11-23,2015,0
2014-11-24,2015,0
2014-11-25,2015,0
2014-11-26,2015,0
2014-11-27,2015,0
2014-11-28,2015,0
2014-11-29,2015,0
2014-11-30,2015,0
2014-12-01,2015,0
2014-12-02,2015,0
2014-12-03,2015,0
2014-12-04,2015,0
2014-12-05,2015,0
2014-12-06,2015,0
2014-12-07,2015,0
2014-12-08,2015,0
2014-12-09,2015,0
2014-12-10,2015,0
2014-12-11,2015,0
2014-12-12,2015,0
2014-12-13,2015,0
2014-12-14,2015,44.6301
2014-12-15,2015,42.588
2014-12-16,2015,37.441
2014-12-17,2015,30.354
2014-12-18,2015,35.9603
2014-12-19,2015,42.1001
2014-12-20,2015,40.1784
2014-12-21,2015,37.1298
2014-12-22,2015,0.0543
2014-12-23,2015,0.3207
2014-12-24,2015,0
2014-12-25,2015,0
2014-12-26,2015,20.1129
2014-12-27,2015,34.8991
2014-12-28,2015,31.1612
2014-12-29,2015,23.3615
2014-12-30,2015,7.7782
2014-12-31,2015,3.2738
2015-01-01,2015,2.5685
2015-01-02,2015,39.5973
2015-01-03,2015,116.9548
2015-01-04,2015,102.8165
2015-01-05,2015,93.0648
2015-01-06,2015,59.3683
2015-01-07,2015,3.7372
2015-01-08,2015,0
2015-01-09,2015,53.2574
2015-01-10,2015,45.2227
2015-01-11,2015,36.0181
2015-01-12,2015,37.9738
2015-01-13,2015,157.7437
2015-01-14,2015,243.1785
2015-01-15,2015,234.7854
2015-01-16,2015,221.8527
2015-01-17,2015,202.9958
2015-01-18,2015,183.2983
2015-01-19,2015,159.9872
2015-01-20,2015,86.7495
2015-01-21,2015,66.3587
2015-01-22,2015,148.0442
2015-01-23,2015,153.9194
2015-01-24,2015,144.9326
2015-01-25,2015,133.4111
2015-01-26,2015,89.6561
2015-01-27,2015,39.2673
2015-01-28,2015,6.7663
2015-01-29,2015,0.4347
2015-01-30,2015,0
2015-01-31,2015,128.8312
2015-02-01,2015,174.0558
2015-02-02,2015,153.5049
2015-02-03,2015,82.224
2015-02-04,2015,17.2706
2015-02-05,2015,0
2015-02-06,2015,0
2015-02-07,2015,0
2015-02-08,2015,0
2015-02-09,2015,0
2015-02-10,2015,0
2015-02-11,2015,0
2015-02-12,2015,0.404
2015-02-13,2015,0
2015-02-14,2015,0
2015-02-15,2015,0
2015-02-16,2015,0
2015-02-17,2015,0
2015-02-18,2015,0
2015-02-19,2015,0
2015-02-20,2015,0
2015-02-21,2015,0
2015-02-22,2015,0
2015-02-23,2015,3.587
2015-02-24,2015,93.8922
2015-02-25,2015,131.0891
2015-02-26,2015,110.3248
2015-02-27,2015,119.3665
2015-02-28,2015,264.0548
2015-03-01,2015,218.965
2015-03-02,2015,66.415
2015-03-03,2015,20.9783
2015-03-04,2015,15.0502
2015-03-05,2015,9.0217
2015-03-06,2015,7.2491
2015-03-07,2015,5.4584
2015-03-08,2015,3.6117
2015-03-09,2015,1.5602
2015-03-10,2015,0.9783
2015-03-11,2015,0.2862
2015-03-12,2015,0
2015-03-13,2015,0
2015-03-14,2015,0
2015-03-15,2015,0
2015-03-16,2015,0
2015-03-17,2015,0
2015-03-18,2015,0
2015-03-19,2015,0
2015-03-20,2015,0
2015-03-21,2015,7.2806
2015-03-22,2015,0
2015-03-23,2015,0
2015-03-24,2015,0
2015-03-25,2015,0
2015-03-26,2015,0
2015-03-27,2015,0
2015-03-28,2015,0
2015-03-29,2015,0
2015-03-30,2015,0
2015-03-31,2015,0
2015-04-01,2015,0
2015-04-02,2015,0
2015-04-03,2015,0
2015-04-04,2015,0
2015-04-05,2015,0
2015-04-06,2015,0
2015-04-07,2015,0
2015-04-08,2015,0
2015-04-09,2015,0
2015-04-10,2015,0
2015-04-11,2015,0
2015-04-12,2015,0
2015-04-13,2015,0
2015-04-14,2015,0
2015-04-15,2015,0
2015-04-16,2015,0
2015-04-17,2015,0
2015-04-18,2015,0
2015-04-19,2015,0
2015-04-20,2015,0
2015-04-21,2015,0
2015-04-22,2015,0
2015-04-23,2015,0
2015-04-24,2015,0
2015-04-25,2015,0
2015-04-26,2015,0
2015-04-27,2015,13.8245
2015-04-28,2015,0.0069
2015-04-29,2015,0
2015-04-30,2015,0
2015-11-01,2016,0
2015-11-02,2016,0
2015-11-03,2016,0
2015-11-04,2016,0
2015-11-05,2016,32.0108
2015-11-06,2016,36.3304
2015-11-07,2016,28.7121
2015-11-08,2016,19.7977
2015-11-09,2016,6.7488
2015-11-10,2016,0
2015-11-11,2016,6.3452
2015-11-12,2016,0.3396
2015-11-13,2016,0
2015-11-14,2016,0
2015-11-15,2016,0
2015-11-16,2016,0
2015-11-17,2016,72.2411
2015-11-18,2016,82.9852
2015-11-19,2016,50.622
2015-11-20,2016,32.8913
2015-11-21,2016,0
2015-11-22,2016,0
2015-11-23,2016,0
2015-11-24,2016,0
2015-11-25,2016,0
2015-11-26,2016,0
2015-11-27,2016,0
2015-11-28,2016,0
2015-11-29,2016,0
2015-11-30,2016,0
2015-12-01,2016,0
2015-12-02,2016,0
2015-12-03,2016,0
2015-12-04,2016,0
2015-12-05,2016,0
2015-12-06,2016,0
2015-12-07,2016,0
2015-12-08,2016,0
2015-12-09,2016,0
2015-12-10,2016,0
2015-12-11,2016,0
2015-12-12,2016,0
2015-12-13,2016,118.8455
2015-12-14,2016,103.3586
2015-12-15,2016,118.8185
2015-12-16,2016,111.6508
2015-12-17,2016,106.5026
2015-12-18,2016,99.6235
2015-12-19,2016,93.4327
2015-12-20,2016,41.9899
2015-12-21,2016,34.8002
2015-12-22,2016,36.536
2015-12-23,2016,46.8306
2015-12-24,2016,77.4246
2015-12-25,2016,83.4219
2015-12-26,2016,106.2366
2015-12-27,2016,138.5903
2015-12-28,2016,131.7332
2015-12-29,2016,125.8968
2015-12-30,2016,143.2299
2015-12-31,2016,136.1962
2016-01-01,2016,131.8412
2016-01-02,2016,130.6716
2016-01-03,2016,125.4329
2016-01-04,2016,116.5103
2016-01-05,2016,106.671
2016-01-06,2016,109.6166
2016-01-07,2016,155.5005
2016-01-08,2016,238.2203
2016-01-09,2016,291.432
2016-01-10,2016,279.0119
2016-01-11,2016,268.7284
2016-01-12,2016,257.2611
2016-01-13,2016,240.701
2016-01-14,2016,227.7659
2016-01-15,2016,211.4231
2016-01-16,2016,224.0652
2016-01-17,2016,217.2701
2016-01-18,2016,204.6362
2016-01-19,2016,164.6279
2016-01-20,2016,157.8946
2016-01-21,2016,142.1988
2016-01-22,2016,133.322
2016-01-23,2016,123.5348
2016-01-24,2016,84.1183
2016-01-25,2016,68.8931
2016-01-26,2016,66.0685
2016-01-27,2016,63.6028
2016-01-28,2016,57.1537
2016-01-29,2016,47.8354
2016-01-30,2016,21.4184
2016-01-31,2016,0
2016-02-01,2016,0
2016-02-02,2016,49.5524
2016-02-03,2016,47.9866
2016-02-04,2016,40.768
2016-02-05,2016,35.7313
2016-02-06,2016,28.5228
2016-02-07,2016,21.419
2016-02-08,2016,0.1678
2016-02-09,2016,0
2016-02-10,2016,0
2016-02-11,2016,0
2016-02-12,2016,0
2016-02-13,2016,0
2016-02-14,2016,0
2016-02-15,2016,0
2016-02-16,2016,0
2016-02-17,2016,0
2016-02-18,2016,0
2016-02-19,2016,0
2016-02-20,2016,0
2016-02-21,2016,0
2016-02-22,2016,0
2016-02-23,2016,0
2016-02-24,2016,0
2016-02-25,2016,0
2016-02-26,2016,0
2016-02-27,2016,0
2016-02-28,2016,0
2016-02-29,2016,0
2016-03-01,2016,0
2016-03-02,2016,0
2016-03-03,2016,0
2016-03-04,2016,0
2016-03-05,2016,0
2016-03-06,2016,0
2016-03-07,2016,0
2016-03-08,2016,0
2016-03-09,2016,0
2016-03-10,2016,0
2016-03-11,2016,0
2016-03-12,2016,0
2016-03-13,2016,0
2016-03-14,2016,0
2016-03-15,2016,0
2016-03-16,2016,0
2016-03-17,2016,0
2016-03-18,2016,0
2016-03-19,2016,0
2016-03-20,2016,0
2016-03-21,2016,0
2016-03-22,2016,0
2016-03-23,2016,0
2016-03-24,2016,0
2016-03-25,2016,0
2016-03-26,2016,0
2016-03-27,2016,0
2016-03-28,2016,0
2016-03-29,2016,0
2016-03-30,2016,0
2016-03-31,2016,0
2016-04-01,2016,0
2016-04-02,2016,0
2016-04-03,2016,0
2016-04-04,2016,0
2016-04-05,2016,0
2016-04-06,2016,0
2016-04-07,2016,0
2016-04-08,2016,0
2016-04-09,2016,0
2016-04-10,2016,0
2016-04-11,2016,0
2016-04-12,2016,0
2016-04-13,2016,0
2016-04-14,2016,0
2016-04-15,2016,0
2016-04-16,2016,9.5533
2016-04-17,2016,83.9701
2016-04-18,2016,98.0501
2016-04-19,2016,60.008
2016-04-20,2016,0.0848
2016-04-21,2016,0
2016-04-22,2016,0
2016-04-23,2016,0
2016-04-24,2016,0
2016-04-25,2016,0
2016-04-26,2016,0
2016-04-27,2016,0
2016-04-28,2016,0
2016-04-29,2016,0
2016-04-30,2016,0
2016-11-01,2017,0
2016-11-02,2017,0
2016-11-03,2017,0
2016-11-04,2017,0
2016-11-05,2017,0
2016-11-06,2017,0
2016-11-07,2017,0
2016-11-08,2017,0
2016-11-09,2017,0
2016-11-10,2017,0
2016-11-11,2017,0
2016-11-12,2017,0
2016-11-13,2017,0
2016-11-14,2017,0
2016-11-15,2017,0
2016-11-16,2017,0
2016-11-17,2017,0
2016-11-18,2017,0
2016-11-19,2017,0
2016-11-20,2017,0
2016-11-21,2017,0
2016-11-22,2017,0.763
2016-11-23,2017,0.6233
2016-11-24,2017,0
2016-11-25,2017,0
2016-11-26,2017,0
2016-11-27,2017,0
2016-11-28,2017,14.1448
2016-11-29,2017,33.309
2016-11-30,2017,26.8932
2016-12-01,2017,22.756
2016-12-02,2017,19.235
2016-12-03,2017,28.7293
2016-12-04,2017,23.4362
2016-12-05,2017,13.2338
2016-12-06,2017,0.0545
2016-12-07,2017,0
2016-12-08,2017,0
2016-12-09,2017,0
2016-12-10,2017,0
2016-12-11,2017,0
2016-12-12,2017,0
2016-12-13,2017,0
2016-12-14,2017,0
2016-12-15,2017,0
2016-12-16,2017,0
2016-12-17,2017,0
2016-12-18,2017,39.1799
2016-12-19,2017,34.1378
2016-12-20,2017,57.1803
2016-12-21,2017,50.6003
2016-12-22,2017,2.5992
2016-12-23,2017,0
2016-12-24,2017,0
2016-12-25,2017,18.4365
2016-12-26,2017,30.3244
2016-12-27,2017,26.372
2016-12-28,2017,0.3438
2016-12-29,2017,0
2016-12-30,2017,0
2016-12-31,2017,0
2017-01-01,2017,0
2017-01-02,2017,6.2992
2017-01-03,2017,11.1975
2017-01-04,2017,9.9143
2017-01-05,2017,0.2831
2017-01-06,2017,0.6317
2017-01-07,2017,70.4047
2017-01-08,2017,61.2659
2017-01-09,2017,0
2017-01-10,2017,0
2017-01-11,2017,0
2017-01-12,2017,0
2017-01-13,2017,0
2017-01-14,2017,0
2017-01-15,2017,2.5895
2017-01-16,2017,52.7262
2017-01-17,2017,61.379
2017-01-18,2017,65.2613
2017-01-19,2017,65.8705
2017-01-20,2017,149.0836
2017-01-21,2017,198.1357
2017-01-22,2017,222.7528
2017-01-23,2017,212.4245
2017-01-24,2017,246.8301
2017-01-25,2017,293.848
2017-01-26,2017,281.2135
2017-01-27,2017,272.2859
2017-01-28,2017,262.5646
2017-01-29,2017,248.2653
2017-01-30,2017,239.0974
2017-01-31,2017,239.2739
2017-02-01,2017,171.4347
2017-02-02,2017,101.7762
2017-02-03,2017,69.5239
2017-02-04,2017,45.4414
2017-02-05,2017,26.4398
2017-02-06,2017,14.7342
2017-02-07,2017,11.3785
2017-02-08,2017,5.6223
2017-02-09,2017,0
2017-02-10,2017,0
2017-02-11,2017,0
2017-02-12,2017,0
2017-02-13,2017,82.8665
2017-02-14,2017,147.5155
2017-02-15,2017,142.6652
2017-02-16,2017,395.9081
2017-02-17,2017,328.2045
2017-02-18,2017,287.0809
2017-02-19,2017,191.2573
2017-02-20,2017,173.1832
2017-02-21,2017,134.1488
2017-02-22,2017,72.1865
2017-02-23,2017,13.4403
2017-02-24,2017,8.4378
2017-02-25,2017,7.3779
2017-02-26,2017,6.0425
2017-02-27,2017,19.9371
2017-02-28,2017,12.5163
2017-03-01,2017,86.2193
2017-03-02,2017,73.5861
2017-03-03,2017,56.9541
2017-03-04,2017,23.9657
2017-03-05,2017,1.3712
2017-03-06,2017,0.1277
2017-03-07,2017,0.0759
2017-03-08,2017,0.0518
2017-03-09,2017,0
2017-03-10,2017,0
2017-03-11,2017,0
2017-03-12,2017,0
2017-03-13,2017,0
2017-03-14,2017,0
2017-03-15,2017,0
2017-03-16,2017,0
2017-03-17,2017,0
2017-03-18,2017,0
2017-03-19,2017,0
2017-03-20,2017,0
2017-03-21,2017,0
2017-03-22,2017,0
2017-03-23,2017,0
2017-03-24,2017,16.3353
2017-03-25,2017,0
2017-03-26,2017,0
2017-03-27,2017,0
2017-03-28,2017,0
2017-03-29,2017,0.0556
2017-03-30,2017,0
2017-03-31,2017,0
2017-04-01,2017,10.7712
2017-04-02,2017,56.9178
2017-04-03,2017,0
2017-04-04,2017,0.6641
2017-04-05,2017,0
2017-04-06,2017,0
2017-04-07,2017,0
2017-04-08,2017,0
2017-04-09,2017,0
2017-04-10,2017,0
2017-04-11,2017,0
2017-04-12,2017,0
2017-04-13,2017,0
2017-04-14,2017,0
2017-04-15,2017,0
2017-04-16,2017,0
2017-04-17,2017,0
2017-04-18,2017,0
2017-04-19,2017,0
2017-04-20,2017,0
2017-04-21,2017,0
2017-04-22,2017,0
2017-04-23,2017,0
2017-04-24,2017,0
2017-04-25,2017,0
2017-04-26,2017,0
2017-04-27,2017,0
2017-04-28,2017,0
2017-04-29,2017,57.8142
2017-04-30,2017,49.4482
2017-11-01,2018,0
2017-11-02,2018,0
2017-11-03,2018,0
2017-11-04,2018,0
2017-11-05,2018,0
2017-11-06,2018,0
2017-11-07,2018,0
2017-11-08,2018,0
2017-11-09,2018,0
2017-11-10,2018,0
2017-11-11,2018,0
2017-11-12,2018,0
2017-11-13,2018,0
2017-11-14,2018,0
2017-11-15,2018,0
2017-11-16,2018,0
2017-11-17,2018,0
2017-11-18,2018,0
2017-11-19,2018,0
2017-11-20,2018,0
2017-11-21,2018,0
2017-11-22,2018,0
2017-11-23,2018,0
2017-11-24,2018,0
2017-11-25,2018,0
2017-11-26,2018,0
2017-11-27,2018,0
2017-11-28,2018,0
2017-11-29,2018,0
2017-11-30,2018,0
2017-12-01,2018,0
2017-12-02,2018,0
2017-12-03,2018,0
2017-12-04,2018,0
2017-12-05,2018,0
2017-12-06,2018,0
2017-12-07,2018,0
2017-12-08,2018,0
2017-12-09,2018,0
2017-12-10,2018,0
2017-12-11,2018,0
2017-12-12,2018,0
2017-12-13,2018,0
2017-12-14,2018,0
2017-12-15,2018,0
2017-12-16,2018,0
2017-12-17,2018,0
2017-12-18,2018,0
2017-12-19,2018,0
2017-12-20,2018,0
2017-12-21,2018,0
2017-12-22,2018,7.2507
2017-12-23,2018,0.9539
2017-12-24,2018,0
2017-12-25,2018,0
2017-12-26,2018,0
2017-12-27,2018,0
2017-12-28,2018,0
2017-12-29,2018,0
2017-12-30,2018,0
2017-12-31,2018,0
2018-01-01,2018,0
2018-01-02,2018,0
2018-01-03,2018,0
2018-01-04,2018,0
2018-01-05,2018,0
2018-01-06,2018,0
2018-01-07,2018,0
2018-01-08,2018,32.9307
2018-01-09,2018,25.1383
2018-01-10,2018,0
2018-01-11,2018,68.663
2018-01-12,2018,83.8151
2018-01-13,2018,48.113
2018-01-14,2018,42.1422
2018-01-15,2018,22.3824
2018-01-16,2018,9.6741
2018-01-17,2018,8.671
2018-01-18,2018,5.9676
2018-01-19,2018,3.3407
2018-01-20,2018,0
2018-01-21,2018,28.4648
2018-01-22,2018,33.8811
2018-01-23,2018,26.04
2018-01-24,2018,135.0395
2018-01-25,2018,106.6012
2018-01-26,2018,20.4046
2018-01-27,2018,11.6661
2018-01-28,2018,9.2173
2018-01-29,2018,4.5552
2018-01-30,2018,1.8551
2018-01-31,2018,0.0106
2018-02-01,2018,0
2018-02-02,2018,0
2018-02-03,2018,0
2018-02-04,2018,0
2018-02-05,2018,0
2018-02-06,2018,0
2018-02-07,2018,0
2018-02-08,2018,0
2018-02-09,2018,0
2018-02-10,2018,0
2018-02-11,2018,35.8639
2018-02-12,2018,34.8025
2018-02-13,2018,0
2018-02-14,2018,0
2018-02-15,2018,11.3763
2018-02-16,2018,46.7793
2018-02-17,2018,43.5386
2018-02-18,2018,17.273
2018-02-19,2018,0
2018-02-20,2018,33.5133
2018-02-21,2018,63.2962
2018-02-22,2018,62.6193
2018-02-23,2018,78.8931
2018-02-24,2018,78.6368
2018-02-25,2018,76.5382
2018-02-26,2018,64.579
2018-02-27,2018,8.728
2018-02-28,2018,2.2298
2018-03-01,2018,1.3656
2018-03-02,2018,0.1908
2018-03-03,2018,0
2018-03-04,2018,0
2018-03-05,2018,0
2018-03-06,2018,0
2018-03-07,2018,0
2018-03-08,2018,0
2018-03-09,2018,0
2018-03-10,2018,0
2018-03-11,2018,0
2018-03-12,2018,22.833
2018-03-13,2018,19.9352
2018-03-14,2018,0
2018-03-15,2018,0
2018-03-16,2018,14.383
2018-03-17,2018,0.7769
2018-03-18,2018,0
2018-03-19,2018,18.126
2018-03-20,2018,11.0323
2018-03-21,2018,1.6421
2018-03-22,2018,0
2018-03-23,2018,0
2018-03-24,2018,0
2018-03-25,2018,0
2018-03-26,2018,0
2018-03-27,2018,0
2018-03-28,2018,61.9609
2018-03-29,2018,1.4423
2018-03-30,2018,0
2018-03-31,2018,0
2018-04-01,2018,0
2018-04-02,2018,0
2018-04-03,2018,0
2018-04-04,2018,0
2018-04-05,2018,0
2018-04-06,2018,0
2018-04-07,2018,0
2018-04-08,2018,0
2018-04-09,2018,0
2018-04-10,2018,0
2018-04-11,2018,0
2018-04-12,2018,0
2018-04-13,2018,0
2018-04-14,2018,0
2018-04-15,2018,0
2018-04-16,2018,0
2018-04-17,2018,0
2018-04-18,2018,0
2018-04-19,2018,0
2018-04-20,2018,0
2018-04-21,2018,7.4692
2018-04-22,2018,0
2018-04-23,2018,0
2018-04-24,2018,0
2018-04-25,2018,0
2018-04-26,2018,0
2018-04-27,2018,0
2018-04-28,2018,0
2018-04-29,2018,0
2018-04-30,2018,0
2018-11-01,2019,2.0964
2018-11-02,2019,0.0796
2018-11-03,2019,0
2018-11-04,2019,0
2018-11-05,2019,0
2018-11-06,2019,0
2018-11-07,2019,0
2018-11-08,2019,0
2018-11-09,2019,0
2018-11-10,2019,0
2018-11-11,2019,0
2018-11-12,2019,0
2018-11-13,2019,7.8535
2018-11-14,2019,2.5089
2018-11-15,2019,0.0157
2018-11-16,2019,0
2018-11-17,2019,0
2018-11-18,2019,0
2018-11-19,2019,0
2018-11-20,2019,0
2018-11-21,2019,0
2018-11-22,2019,0
2018-11-23,2019,12.4456
2018-11-24,2019,0.3489
2018-11-25,2019,0
2018-11-26,2019,0
2018-11-27,2019,0
2018-11-28,2019,0
2018-11-29,2019,0
2018-11-30,2019,0
2018-12-01,2019,0
2018-12-02,2019,0
2018-12-03,2019,96.7474
2018-12-04,2019,0
2018-12-05,2019,0
2018-12-06,2019,0
2018-12-07,2019,28.9798
2018-12-08,2019,95.3247
2018-12-09,2019,0
2018-12-10,2019,80.7712
2018-12-11,2019,0
2018-12-12,2019,61.8785
2018-12-13,2019,0
2018-12-14,2019,0
2018-12-15,2019,0
2018-12-16,2019,18.2526
2018-12-17,2019,0
2018-12-18,2019,0
2018-12-19,2019,0
2018-12-20,2019,0
2018-12-21,2019,0
2018-12-22,2019,0
2018-12-23,2019,0
2018-12-24,2019,0
2018-12-25,2019,0
2018-12-26,2019,0
2018-12-27,2019,0
2018-12-28,2019,0
2018-12-29,2019,88.4979
2018-12-30,2019,80.5125
2018-12-31,2019,0
2019-01-01,2019,0
2019-01-02,2019,0
2019-01-03,2019,0
2019-01-04,2019,0
2019-01-05,2019,0
2019-01-06,2019,121.2909
2019-01-07,2019,138.9504
2019-01-08,2019,156.0804
2019-01-09,2019,130.9842
2019-01-10,2019,66.153
2019-01-11,2019,59.0682
2019-01-12,2019,59.3353
2019-01-13,2019,57.5491
2019-01-14,2019,128.9776
2019-01-15,2019,160.3456
2019-01-16,2019,150.5906
2019-01-17,2019,128.1378
2019-01-18,2019,83.3068
2019-01-19,2019,216.877
2019-01-20,2019,198.8552
2019-01-21,2019,165.9082
2019-01-22,2019,140.019
2019-01-23,2019,137.371
2019-01-24,2019,204.3325
2019-01-25,2019,193.2029
2019-01-26,2019,183.8941
2019-01-27,2019,172.6714
2019-01-28,2019,157.9783
2019-01-29,2019,134.8023
2019-01-30,2019,131.2677
2019-01-31,2019,126.9681
2019-02-01,2019,115.9299
2019-02-02,2019,109.5427
2019-02-03,2019,100.5804
2019-02-04,2019,54.9638
2019-02-05,2019,28.2798
2019-02-06,2019,22.4962
2019-02-07,2019,229.8285
2019-02-08,2019,207.1572
2019-02-09,2019,185.6394
2019-02-10,2019,138.4274
2019-02-11,2019,117.0532
2019-02-12,2019,163.3365
2019-02-13,2019,153.4022
2019-02-14,2019,119.5487
2019-02-15,2019,60.1605
2019-02-16,2019,20.2424
2019-02-17,2019,45.4427
2019-02-18,2019,54.4631
2019-02-19,2019,70.1826
2019-02-20,2019,126.9883
2019-02-21,2019,114.9899
2019-02-22,2019,104.8528
2019-02-23,2019,169.253
2019-02-24,2019,157.4642
2019-02-25,2019,144.2847
2019-02-26,2019,112.8326
2019-02-27,2019,48.6477
2019-02-28,2019,8.8261
2019-03-01,2019,0.9965
2019-03-02,2019,0
2019-03-03,2019,0.0454
2019-03-04,2019,4.5102
2019-03-05,2019,39.9504
2019-03-06,2019,11.4945
2019-03-07,2019,0
2019-03-08,2019,0
2019-03-09,2019,11.2943
2019-03-10,2019,0.8163
2019-03-11,2019,0.1696
2019-03-12,2019,0
2019-03-13,2019,9.864
2019-03-14,2019,52.5673
2019-03-15,2019,53.2598
2019-03-16,2019,41.8551
2019-03-17,2019,22.0184
2019-03-18,2019,2.4954
2019-03-19,2019,0.3809
2019-03-20,2019,0.0424
2019-03-21,2019,0
2019-03-22,2019,0
2019-03-23,2019,0
2019-03-24,2019,0
2019-03-25,2019,0
2019-03-26,2019,0
2019-03-27,2019,0
2019-03-28,2019,0
2019-03-29,2019,0
2019-03-30,2019,0
2019-03-31,2019,0
2019-04-01,2019,19.7666
2019-04-02,2019,0.228
2019-04-03,2019,0
2019-04-04,2019,0
2019-04-05,2019,0
2019-04-06,2019,0
2019-04-07,2019,0
2019-04-08,2019,0
2019-04-09,2019,0
2019-04-10,2019,0
2019-04-11,2019,18.9805
2019-04-12,2019,3.6729
2019-04-13,2019,2.1621
2019-04-14,2019,0.8802
2019-04-15,2019,0
2019-04-16,2019,0
2019-04-17,2019,0
2019-04-18,2019,0
2019-04-19,2019,0
2019-04-20,2019,0
2019-04-21,2019,0
2019-04-22,2019,0
2019-04-23,2019,0
2019-04-24,2019,0
2019-04-25,2019,0
2019-04-26,2019,0
2019-04-27,2019,0
2019-04-28,2019,0
2019-04-29,2019,0
2019-04-30,2019,0
