"date","waterYear","swe_mm"
2003-11-01,2004,0
2003-11-02,2004,0
2003-11-03,2004,0
2003-11-04,2004,0
2003-11-05,2004,0
2003-11-06,2004,0
2003-11-07,2004,0
2003-11-08,2004,0
2003-11-09,2004,0
2003-11-10,2004,0
2003-11-11,2004,0
2003-11-12,2004,0
2003-11-13,2004,0
2003-11-14,2004,0
2003-11-15,2004,0
2003-11-16,2004,0
2003-11-17,2004,0
2003-11-18,2004,0
2003-11-19,2004,0
2003-11-20,2004,0
2003-11-21,2004,0
2003-11-22,2004,0
2003-11-23,2004,0
2003-11-24,2004,0
2003-11-25,2004,0
2003-11-26,2004,0
2003-11-27,2004,0
2003-11-28,2004,0
2003-11-29,2004,0
2003-11-30,2004,0
2003-12-01,2004,0
2003-12-02,2004,0
2003-12-03,2004,0
2003-12-04,2004,0
2003-12-05,2004,0
2003-12-06,2004,0
2003-12-07,2004,0
2003-12-08,2004,0
2003-12-09,2004,0
2003-12-10,2004,0
2003-12-11,2004,0
2003-12-12,2004,0.1829
2003-12-13,2004,0.1895
2003-12-14,2004,0.0716
2003-12-15,2004,0
2003-12-16,2004,0
2003-12-17,2004,0
2003-12-18,2004,0
2003-12-19,2004,0
2003-12-20,2004,0
2003-12-21,2004,0
2003-12-22,2004,0
2003-12-23,2004,0
2003-12-24,2004,0
2003-12-25,2004,0
2003-12-26,2004,0
2003-12-27,2004,0.0347
2003-12-28,2004,0
2003-12-29,2004,0
2003-12-30,2004,0
2003-12-31,2004,0
2004-01-01,2004,0
2004-01-02,2004,0
2004-01-03,2004,0.1544
2004-01-04,2004,0.0438
2004-01-05,2004,0
2004-01-06,2004,0
2004-01-07,2004,0
2004-01-08,2004,0
2004-01-09,2004,0
2004-01-10,2004,0
2004-01-11,2004,0
2004-01-12,2004,0
2004-01-13,2004,0
2004-01-14,2004,0
2004-01-15,2004,0
2004-01-16,2004,1.1302
2004-01-17,2004,0.8625
2004-01-18,2004,0.1898
2004-01-19,2004,0.0287
2004-01-20,2004,0.0048
2004-01-21,2004,0.0977
2004-01-22,2004,0.02
2004-01-23,2004,0.0141
2004-01-24,2004,0
2004-01-25,2004,0
2004-01-26,2004,0.6032
2004-01-27,2004,0.0762
2004-01-28,2004,0.0061
2004-01-29,2004,0
2004-01-30,2004,0
2004-01-31,2004,0
2004-02-01,2004,0.1151
2004-02-02,2004,0.0049
2004-02-03,2004,0
2004-02-04,2004,1.8669
2004-02-05,2004,1.0787
2004-02-06,2004,0.383
2004-02-07,2004,0.1414
2004-02-08,2004,0.007
2004-02-09,2004,0
2004-02-10,2004,0
2004-02-11,2004,0
2004-02-12,2004,0
2004-02-13,2004,0
2004-02-14,2004,0
2004-02-15,2004,0
2004-02-16,2004,0
2004-02-17,2004,0
2004-02-18,2004,0
2004-02-19,2004,0
2004-02-20,2004,0
2004-02-21,2004,0
2004-02-22,2004,0
2004-02-23,2004,0
2004-02-24,2004,0.0625
2004-02-26,2004,0.0221
2004-02-27,2004,0
2004-02-28,2004,0.2278
2004-02-29,2004,0.396
2004-03-01,2004,0.053
2004-03-02,2004,0
2004-03-03,2004,0
2004-03-04,2004,0
2004-03-05,2004,0
2004-03-06,2004,0
2004-03-07,2004,0
2004-03-08,2004,0
2004-03-09,2004,0
2004-03-10,2004,0
2004-03-11,2004,0
2004-03-12,2004,0
2004-03-13,2004,0
2004-03-14,2004,0
2004-03-15,2004,0
2004-03-16,2004,0
2004-03-17,2004,0
2004-03-18,2004,0
2004-03-19,2004,0
2004-03-20,2004,0
2004-03-21,2004,0
2004-03-22,2004,0
2004-03-23,2004,0
2004-03-24,2004,0
2004-03-25,2004,0
2004-03-26,2004,0
2004-03-27,2004,0
2004-03-28,2004,0
2004-03-29,2004,0
2004-03-30,2004,0
2004-03-31,2004,0
2004-04-01,2004,0
2004-04-02,2004,0
2004-04-03,2004,0
2004-04-04,2004,0
2004-04-05,2004,0
2004-04-06,2004,0.1454
2004-04-07,2004,0
2004-04-08,2004,0
2004-04-09,2004,0
2004-04-10,2004,0
2004-04-11,2004,0
2004-04-12,2004,0
2004-04-13,2004,0
2004-04-14,2004,0
2004-04-15,2004,0
2004-04-16,2004,0
2004-04-17,2004,0
2004-04-18,2004,0
2004-04-19,2004,0
2004-04-20,2004,0
2004-04-21,2004,0
2004-04-22,2004,0
2004-04-23,2004,0
2004-04-24,2004,0
2004-04-25,2004,0
2004-04-26,2004,0
2004-04-27,2004,0
2004-04-28,2004,0
2004-04-29,2004,0
2004-04-30,2004,0
2004-11-01,2005,0
2004-11-02,2005,0
2004-11-03,2005,0
2004-11-04,2005,0
2004-11-05,2005,0
2004-11-06,2005,0
2004-11-07,2005,0
2004-11-08,2005,0
2004-11-09,2005,0
2004-11-10,2005,0
2004-11-11,2005,0
2004-11-12,2005,0
2004-11-13,2005,0
2004-11-14,2005,0.235
2004-11-15,2005,0
2004-11-16,2005,0
2004-11-17,2005,0
2004-11-18,2005,0
2004-11-19,2005,0
2004-11-20,2005,0
2004-11-21,2005,0
2004-11-22,2005,0.3985
2004-11-23,2005,0.0616
2004-11-24,2005,0
2004-11-25,2005,0
2004-11-26,2005,0
2004-11-27,2005,0
2004-11-28,2005,0
2004-11-29,2005,2.4023
2004-11-30,2005,1.9772
2004-12-01,2005,1.1942
2004-12-02,2005,0.5258
2004-12-03,2005,0.3809
2004-12-04,2005,0.3088
2004-12-05,2005,2.5415
2004-12-06,2005,3.711
2004-12-07,2005,3.7229
2004-12-08,2005,3.6856
2004-12-09,2005,3.169
2004-12-10,2005,1.9419
2004-12-11,2005,0.6764
2004-12-12,2005,0.2592
2004-12-13,2005,0.0139
2004-12-14,2005,0.001
2004-12-15,2005,1e-04
2004-12-16,2005,1e-04
2004-12-17,2005,1e-04
2004-12-18,2005,0
2004-12-19,2005,0
2004-12-20,2005,0
2004-12-21,2005,0
2004-12-22,2005,0
2004-12-23,2005,0
2004-12-24,2005,0
2004-12-25,2005,0
2004-12-26,2005,0
2004-12-27,2005,0
2004-12-28,2005,0
2004-12-29,2005,0
2004-12-30,2005,0
2004-12-31,2005,0
2005-01-01,2005,0
2005-01-02,2005,0
2005-01-03,2005,0
2005-01-04,2005,0
2005-01-05,2005,0
2005-01-06,2005,0
2005-01-07,2005,0
2005-01-08,2005,0.8139
2005-01-09,2005,0
2005-01-10,2005,0
2005-01-11,2005,0
2005-01-12,2005,0.8432
2005-01-13,2005,0.1704
2005-01-14,2005,0.0203
2005-01-15,2005,0
2005-01-16,2005,0
2005-01-17,2005,0
2005-01-18,2005,0
2005-01-19,2005,0
2005-01-20,2005,0
2005-01-21,2005,0
2005-01-22,2005,0
2005-01-23,2005,0
2005-01-24,2005,0
2005-01-25,2005,0
2005-01-26,2005,0
2005-01-27,2005,0
2005-01-28,2005,0
2005-01-29,2005,0
2005-01-30,2005,0
2005-01-31,2005,0
2005-02-01,2005,0.0017
2005-02-02,2005,0.004
2005-02-03,2005,0
2005-02-04,2005,0
2005-02-05,2005,0
2005-02-06,2005,0
2005-02-07,2005,0
2005-02-08,2005,0.1681
2005-02-09,2005,0.0701
2005-02-10,2005,0.0014
2005-02-11,2005,0
2005-02-12,2005,0
2005-02-13,2005,0
2005-02-14,2005,0
2005-02-15,2005,0
2005-02-16,2005,0
2005-02-17,2005,0
2005-02-18,2005,0
2005-02-19,2005,0
2005-02-20,2005,0
2005-02-21,2005,0
2005-02-22,2005,0
2005-02-23,2005,0
2005-02-24,2005,0
2005-02-25,2005,0
2005-02-26,2005,2e-04
2005-02-27,2005,0.676
2005-02-28,2005,0.1032
2005-03-01,2005,0.002
2005-03-02,2005,0
2005-03-03,2005,0
2005-03-04,2005,2e-04
2005-03-05,2005,0
2005-03-06,2005,0
2005-03-07,2005,0
2005-03-08,2005,0
2005-03-09,2005,0
2005-03-10,2005,0
2005-03-11,2005,0
2005-03-12,2005,0
2005-03-13,2005,0
2005-03-14,2005,0
2005-03-15,2005,0
2005-03-16,2005,0
2005-03-17,2005,0
2005-03-18,2005,0
2005-03-19,2005,0
2005-03-20,2005,0.0011
2005-03-21,2005,0
2005-03-22,2005,0
2005-03-23,2005,0
2005-03-24,2005,0
2005-03-25,2005,0
2005-03-26,2005,0.0085
2005-03-27,2005,0
2005-03-28,2005,0
2005-03-29,2005,0
2005-03-30,2005,0
2005-03-31,2005,0
2005-04-01,2005,0
2005-04-02,2005,0
2005-04-03,2005,0
2005-04-04,2005,0
2005-04-05,2005,0
2005-04-06,2005,0
2005-04-07,2005,0
2005-04-08,2005,0
2005-04-09,2005,0
2005-04-10,2005,0
2005-04-11,2005,0
2005-04-12,2005,0
2005-04-13,2005,0
2005-04-14,2005,0
2005-04-15,2005,0
2005-04-16,2005,0
2005-04-17,2005,0
2005-04-18,2005,0
2005-04-19,2005,0
2005-04-20,2005,0
2005-04-21,2005,0
2005-04-22,2005,0
2005-04-23,2005,0
2005-04-24,2005,0
2005-04-25,2005,0
2005-04-26,2005,0
2005-04-27,2005,0
2005-04-28,2005,0
2005-04-29,2005,0
2005-04-30,2005,0
2005-11-01,2006,0
2005-11-02,2006,0
2005-11-03,2006,0
2005-11-04,2006,0
2005-11-05,2006,0
2005-11-06,2006,0
2005-11-07,2006,0
2005-11-08,2006,0
2005-11-09,2006,0
2005-11-10,2006,0
2005-11-11,2006,0
2005-11-12,2006,0
2005-11-13,2006,0
2005-11-14,2006,0
2005-11-15,2006,0
2005-11-16,2006,0
2005-11-17,2006,0
2005-11-18,2006,0
2005-11-19,2006,0
2005-11-20,2006,0
2005-11-21,2006,0
2005-11-22,2006,0
2005-11-23,2006,0
2005-11-24,2006,0
2005-11-25,2006,0
2005-11-26,2006,0
2005-11-27,2006,0
2005-11-28,2006,0
2005-11-29,2006,0
2005-11-30,2006,0
2005-12-01,2006,0
2005-12-02,2006,0
2005-12-03,2006,0
2005-12-04,2006,0.4358
2005-12-05,2006,0.0285
2005-12-06,2006,0.007
2005-12-07,2006,0
2005-12-08,2006,0
2005-12-09,2006,0
2005-12-10,2006,0
2005-12-11,2006,0
2005-12-12,2006,0
2005-12-13,2006,0
2005-12-14,2006,0
2005-12-15,2006,0
2005-12-16,2006,0
2005-12-17,2006,0
2005-12-18,2006,0
2005-12-19,2006,0
2005-12-20,2006,0
2005-12-21,2006,0
2005-12-22,2006,0
2005-12-23,2006,0
2005-12-24,2006,0
2005-12-25,2006,0
2005-12-26,2006,0
2005-12-27,2006,0
2005-12-28,2006,0
2005-12-29,2006,0
2005-12-30,2006,0
2005-12-31,2006,0
2006-01-01,2006,0
2006-01-02,2006,0
2006-01-03,2006,0
2006-01-04,2006,0
2006-01-05,2006,0
2006-01-06,2006,0
2006-01-07,2006,0
2006-01-08,2006,0
2006-01-09,2006,0
2006-01-10,2006,0
2006-01-11,2006,0
2006-01-12,2006,0
2006-01-13,2006,0
2006-01-14,2006,0
2006-01-15,2006,0
2006-01-16,2006,0.0644
2006-01-17,2006,0
2006-01-18,2006,0
2006-01-19,2006,0
2006-01-20,2006,11.4913
2006-01-21,2006,10.6093
2006-01-22,2006,9.5458
2006-01-23,2006,8.011
2006-01-24,2006,6.4689
2006-01-25,2006,4.3373
2006-01-26,2006,6.1575
2006-01-27,2006,4.9732
2006-01-28,2006,3.4879
2006-01-29,2006,3.0005
2006-01-30,2006,3.1724
2006-01-31,2006,1.2583
2006-02-01,2006,0.1308
2006-02-02,2006,0
2006-02-03,2006,0
2006-02-04,2006,0
2006-02-05,2006,0
2006-02-06,2006,0
2006-02-07,2006,0
2006-02-08,2006,0
2006-02-09,2006,0
2006-02-10,2006,0
2006-02-11,2006,0
2006-02-12,2006,0
2006-02-13,2006,0
2006-02-14,2006,0
2006-02-15,2006,0
2006-02-16,2006,0.3312
2006-02-17,2006,0.991
2006-02-18,2006,0
2006-02-19,2006,0
2006-02-20,2006,0
2006-02-21,2006,0
2006-02-22,2006,0
2006-02-23,2006,0
2006-02-24,2006,0
2006-02-25,2006,0
2006-02-26,2006,0
2006-02-27,2006,0
2006-02-28,2006,0
2006-03-01,2006,0
2006-03-02,2006,0
2006-03-03,2006,0
2006-03-04,2006,0
2006-03-05,2006,0
2006-03-06,2006,0
2006-03-07,2006,0
2006-03-08,2006,0
2006-03-09,2006,1.9163
2006-03-10,2006,0.279
2006-03-11,2006,4.0562
2006-03-12,2006,12.3063
2006-03-13,2006,17.6942
2006-03-14,2006,16.8852
2006-03-15,2006,14.8162
2006-03-16,2006,10.8722
2006-03-17,2006,5.634
2006-03-18,2006,0.2321
2006-03-19,2006,0.0125
2006-03-20,2006,0.0092
2006-03-21,2006,0.0061
2006-03-22,2006,3.7004
2006-03-23,2006,2.3905
2006-03-24,2006,0.2303
2006-03-25,2006,0.0093
2006-03-26,2006,0
2006-03-27,2006,0
2006-03-28,2006,0
2006-03-29,2006,0
2006-03-30,2006,0.0936
2006-03-31,2006,0.0127
2006-04-01,2006,0
2006-04-02,2006,0
2006-04-03,2006,0
2006-04-04,2006,0
2006-04-05,2006,0
2006-04-06,2006,0
2006-04-07,2006,0
2006-04-08,2006,0
2006-04-09,2006,0
2006-04-10,2006,0
2006-04-11,2006,0
2006-04-12,2006,0
2006-04-13,2006,0
2006-04-14,2006,0
2006-04-15,2006,0
2006-04-16,2006,0
2006-04-17,2006,0
2006-04-18,2006,0
2006-04-19,2006,0
2006-04-20,2006,0
2006-04-21,2006,0
2006-04-22,2006,0
2006-04-23,2006,0
2006-04-24,2006,0
2006-04-25,2006,0
2006-04-26,2006,0
2006-04-27,2006,0
2006-04-28,2006,0
2006-04-29,2006,0
2006-04-30,2006,0
2006-11-01,2007,0
2006-11-02,2007,0
2006-11-03,2007,0
2006-11-04,2007,0
2006-11-05,2007,0
2006-11-06,2007,0
2006-11-07,2007,0
2006-11-08,2007,0
2006-11-09,2007,0
2006-11-10,2007,0
2006-11-11,2007,0
2006-11-12,2007,0
2006-11-13,2007,1.5528
2006-11-14,2007,0.0928
2006-11-15,2007,0
2006-11-16,2007,0
2006-11-17,2007,0
2006-11-18,2007,0
2006-11-19,2007,0
2006-11-20,2007,0
2006-11-21,2007,0
2006-11-22,2007,0
2006-11-23,2007,0
2006-11-24,2007,0
2006-11-25,2007,0
2006-11-26,2007,0
2006-11-27,2007,0
2006-11-28,2007,0
2006-11-29,2007,2.8136
2006-11-30,2007,3.1963
2006-12-01,2007,2.1111
2006-12-02,2007,0.984
2006-12-03,2007,0.3808
2006-12-04,2007,0.1876
2006-12-05,2007,0.0981
2006-12-06,2007,0.0343
2006-12-07,2007,0
2006-12-08,2007,0
2006-12-09,2007,0
2006-12-10,2007,0
2006-12-11,2007,0
2006-12-12,2007,0.0997
2006-12-13,2007,0.064
2006-12-14,2007,0.0448
2006-12-15,2007,0.0028
2006-12-16,2007,0
2006-12-17,2007,0
2006-12-18,2007,0
2006-12-19,2007,0.3805
2006-12-20,2007,0.9728
2006-12-21,2007,0.5865
2006-12-22,2007,0.0143
2006-12-23,2007,0.0065
2006-12-24,2007,0
2006-12-25,2007,0
2006-12-26,2007,0
2006-12-27,2007,0
2006-12-28,2007,0
2006-12-29,2007,3.7706
2006-12-30,2007,4.8471
2006-12-31,2007,2.2323
2007-01-01,2007,1.0892
2007-01-02,2007,0.5816
2007-01-03,2007,0.375
2007-01-04,2007,0.2883
2007-01-05,2007,0.1121
2007-01-06,2007,1.5939
2007-01-07,2007,0.6276
2007-01-08,2007,0.2251
2007-01-09,2007,0.065
2007-01-10,2007,0.0284
2007-01-11,2007,0.0068
2007-01-12,2007,0
2007-01-13,2007,3.743
2007-01-14,2007,4.3403
2007-01-15,2007,3.8787
2007-01-16,2007,3.258
2007-01-17,2007,2.6505
2007-01-18,2007,1.9056
2007-01-19,2007,1.2363
2007-01-20,2007,2.4063
2007-01-21,2007,10.9974
2007-01-22,2007,10.0786
2007-01-23,2007,8.8478
2007-01-24,2007,7.263
2007-01-25,2007,6.1247
2007-01-26,2007,5.2289
2007-01-27,2007,3.9898
2007-01-28,2007,2.7151
2007-01-29,2007,2.3824
2007-01-30,2007,2.2243
2007-01-31,2007,5.0387
2007-02-01,2007,17.7418
2007-02-02,2007,17.294
2007-02-03,2007,16.0509
2007-02-04,2007,13.7917
2007-02-05,2007,11.6988
2007-02-06,2007,10.1519
2007-02-07,2007,8.1966
2007-02-08,2007,5.666
2007-02-09,2007,3.2568
2007-02-10,2007,1.5898
2007-02-11,2007,0.2882
2007-02-12,2007,0.1027
2007-02-13,2007,0.0337
2007-02-15,2007,0.0234
2007-02-16,2007,0.0137
2007-02-17,2007,0
2007-02-18,2007,0
2007-02-19,2007,0
2007-02-20,2007,0.5099
2007-02-21,2007,0.3751
2007-02-22,2007,0.0074
2007-02-23,2007,0
2007-02-24,2007,2.3212
2007-02-25,2007,0.9391
2007-02-26,2007,0.1176
2007-02-27,2007,0
2007-02-28,2007,0
2007-03-01,2007,0.9077
2007-03-02,2007,0.2578
2007-03-03,2007,0.0211
2007-03-04,2007,0
2007-03-05,2007,0
2007-03-06,2007,0
2007-03-07,2007,0
2007-03-08,2007,0
2007-03-09,2007,0
2007-03-10,2007,0
2007-03-11,2007,0
2007-03-12,2007,0
2007-03-13,2007,0
2007-03-14,2007,0
2007-03-15,2007,0
2007-03-16,2007,0
2007-03-17,2007,0
2007-03-18,2007,0
2007-03-19,2007,0
2007-03-20,2007,0
2007-03-21,2007,0
2007-03-22,2007,0
2007-03-23,2007,0
2007-03-24,2007,0
2007-03-25,2007,0
2007-03-27,2007,0
2007-03-28,2007,3.0265
2007-03-29,2007,7.9264
2007-03-30,2007,14.8788
2007-03-31,2007,13.7875
2007-04-01,2007,3.6709
2007-04-02,2007,0
2007-04-03,2007,0
2007-04-04,2007,0
2007-04-05,2007,0
2007-04-06,2007,0
2007-04-07,2007,0
2007-04-08,2007,0
2007-04-09,2007,0
2007-04-10,2007,0
2007-04-11,2007,0
2007-04-12,2007,0
2007-04-13,2007,0
2007-04-14,2007,0
2007-04-15,2007,0
2007-04-16,2007,0
2007-04-17,2007,0
2007-04-18,2007,0
2007-04-19,2007,0
2007-04-20,2007,0
2007-04-21,2007,0
2007-04-22,2007,0
2007-04-23,2007,0
2007-04-24,2007,0
2007-04-25,2007,0
2007-04-26,2007,0
2007-04-27,2007,0
2007-04-28,2007,0
2007-04-29,2007,0
2007-04-30,2007,0
2007-11-01,2008,0
2007-11-02,2008,0
2007-11-03,2008,0
2007-11-04,2008,0
2007-11-05,2008,0
2007-11-06,2008,0
2007-11-07,2008,0
2007-11-08,2008,0
2007-11-09,2008,0
2007-11-10,2008,0
2007-11-11,2008,0
2007-11-12,2008,0
2007-11-13,2008,0
2007-11-14,2008,0
2007-11-15,2008,0
2007-11-16,2008,0
2007-11-17,2008,0
2007-11-18,2008,0
2007-11-19,2008,0
2007-11-20,2008,0
2007-11-21,2008,0
2007-11-22,2008,0
2007-11-23,2008,0
2007-11-24,2008,0
2007-11-25,2008,0
2007-11-26,2008,0
2007-11-27,2008,0
2007-11-28,2008,0
2007-11-29,2008,0
2007-11-30,2008,0
2007-12-01,2008,0
2007-12-02,2008,0
2007-12-03,2008,0
2007-12-04,2008,0
2007-12-05,2008,0
2007-12-06,2008,0
2007-12-07,2008,0
2007-12-08,2008,0
2007-12-09,2008,2.1545
2007-12-10,2008,1.7246
2007-12-11,2008,20.5639
2007-12-12,2008,21.6599
2007-12-13,2008,21.3465
2007-12-14,2008,21.264
2007-12-15,2008,21.0564
2007-12-16,2008,20.3378
2007-12-17,2008,19.8068
2007-12-18,2008,18.3247
2007-12-19,2008,17.1182
2007-12-20,2008,15.9418
2007-12-21,2008,14.747
2007-12-22,2008,15.3272
2007-12-23,2008,14.0201
2007-12-24,2008,12.5693
2007-12-25,2008,11.3605
2007-12-26,2008,9.9783
2007-12-27,2008,9.4271
2007-12-28,2008,8.8012
2007-12-29,2008,8.4774
2007-12-30,2008,7.9316
2007-12-31,2008,7.0288
2008-01-01,2008,5.9984
2008-01-02,2008,5.4384
2008-01-03,2008,4.9318
2008-01-04,2008,4.5636
2008-01-05,2008,4.118
2008-01-06,2008,0
2008-01-07,2008,7.4294
2008-01-08,2008,32.0054
2008-01-09,2008,31.5422
2008-01-10,2008,31.0678
2008-01-11,2008,29.9985
2008-01-12,2008,28.3797
2008-01-13,2008,27.3697
2008-01-14,2008,26.303
2008-01-15,2008,25.4623
2008-01-16,2008,23.9379
2008-01-17,2008,22.4753
2008-01-18,2008,21.5351
2008-01-19,2008,20.3648
2008-01-20,2008,19.4305
2008-01-21,2008,17.2924
2008-01-22,2008,14.6568
2008-01-23,2008,14.0416
2008-01-24,2008,13.406
2008-01-25,2008,19.4367
2008-01-26,2008,18.7363
2008-01-27,2008,17.7919
2008-01-28,2008,13.2317
2008-01-29,2008,21.2913
2008-01-30,2008,20.3786
2008-01-31,2008,19.6224
2008-02-01,2008,18.9728
2008-02-02,2008,17.9206
2008-02-03,2008,20.4361
2008-02-04,2008,36.4618
2008-02-05,2008,37.4041
2008-02-06,2008,36.4965
2008-02-07,2008,36.114
2008-02-08,2008,34.9399
2008-02-09,2008,33.1919
2008-02-10,2008,31.9427
2008-02-11,2008,31.4087
2008-02-12,2008,30.3012
2008-02-13,2008,28.2239
2008-02-14,2008,21.3753
2008-02-15,2008,30.4264
2008-02-16,2008,31.7593
2008-02-17,2008,30.5091
2008-02-18,2008,28.4295
2008-02-19,2008,27.0239
2008-02-20,2008,26.0984
2008-02-21,2008,30.9467
2008-02-22,2008,36.2513
2008-02-23,2008,53.3468
2008-02-24,2008,58.3889
2008-02-25,2008,51.1946
2008-02-26,2008,47.1903
2008-02-27,2008,42.7445
2008-02-28,2008,39.8047
2008-02-29,2008,31.1344
2008-03-01,2008,22.8988
2008-03-02,2008,8.8637
2008-03-03,2008,7.6528
2008-03-04,2008,7.3094
2008-03-05,2008,6.4426
2008-03-06,2008,6.0936
2008-03-07,2008,5.7819
2008-03-08,2008,5.3927
2008-03-09,2008,4.6863
2008-03-10,2008,3.6085
2008-03-11,2008,2.6001
2008-03-12,2008,1.7943
2008-03-14,2008,0.0631
2008-03-15,2008,0.0045
2008-03-16,2008,6e-04
2008-03-17,2008,0
2008-03-18,2008,0.5183
2008-03-19,2008,0
2008-03-20,2008,0
2008-03-21,2008,0
2008-03-22,2008,0
2008-03-23,2008,0
2008-03-24,2008,0
2008-03-25,2008,0
2008-03-26,2008,0
2008-03-27,2008,0
2008-03-28,2008,0
2008-03-29,2008,0
2008-03-30,2008,0
2008-03-31,2008,0
2008-04-01,2008,0
2008-04-02,2008,0
2008-04-03,2008,0
2008-04-04,2008,0
2008-04-05,2008,0
2008-04-06,2008,0
2008-04-07,2008,0
2008-04-08,2008,0
2008-04-09,2008,0
2008-04-10,2008,0.0673
2008-04-11,2008,0.0302
2008-04-12,2008,0
2008-04-13,2008,0
2008-04-14,2008,0
2008-04-15,2008,0
2008-04-16,2008,0
2008-04-17,2008,0
2008-04-18,2008,0
2008-04-19,2008,0
2008-04-20,2008,0
2008-04-21,2008,0
2008-04-22,2008,0
2008-04-23,2008,0
2008-04-24,2008,0
2008-04-25,2008,0
2008-04-26,2008,0
2008-04-27,2008,0
2008-04-28,2008,0
2008-04-29,2008,0
2008-04-30,2008,0
2008-11-01,2009,0
2008-11-02,2009,0
2008-11-03,2009,0
2008-11-04,2009,0
2008-11-05,2009,0
2008-11-06,2009,0
2008-11-07,2009,0
2008-11-08,2009,0
2008-11-09,2009,0
2008-11-10,2009,0
2008-11-11,2009,0.1356
2008-11-12,2009,0.0017
2008-11-13,2009,0
2008-11-14,2009,0
2008-11-15,2009,0
2008-11-16,2009,0
2008-11-17,2009,0
2008-11-18,2009,0
2008-11-19,2009,0
2008-11-20,2009,0
2008-11-21,2009,0
2008-11-22,2009,0
2008-11-23,2009,0
2008-11-24,2009,0
2008-11-25,2009,0
2008-11-26,2009,0
2008-11-27,2009,0
2008-11-28,2009,0.0023
2008-11-29,2009,0.0023
2008-11-30,2009,0
2008-12-01,2009,0
2008-12-02,2009,0
2008-12-03,2009,0
2008-12-04,2009,0
2008-12-05,2009,0
2008-12-06,2009,0
2008-12-07,2009,0
2008-12-08,2009,0
2008-12-09,2009,1.355
2008-12-10,2009,0.0972
2008-12-11,2009,0
2008-12-12,2009,0
2008-12-13,2009,0
2008-12-14,2009,0.0503
2008-12-15,2009,6.484
2008-12-16,2009,12.6012
2008-12-17,2009,30.2717
2008-12-18,2009,34.0326
2008-12-19,2009,38.9733
2008-12-20,2009,37.9074
2008-12-21,2009,36.3782
2008-12-22,2009,35.3006
2008-12-23,2009,39.0865
2008-12-24,2009,48.0791
2008-12-25,2009,47.7208
2008-12-26,2009,55.4861
2008-12-27,2009,59.9791
2008-12-28,2009,58.9712
2008-12-29,2009,58.2907
2008-12-30,2009,57.4942
2008-12-31,2009,56.9141
2009-01-01,2009,55.0802
2009-01-02,2009,52.3781
2009-01-03,2009,45.0521
2009-01-04,2009,43.4978
2009-01-05,2009,44.1727
2009-01-06,2009,44.3745
2009-01-07,2009,43.3438
2009-01-08,2009,41.174
2009-01-09,2009,38.2485
2009-01-10,2009,31.8034
2009-01-11,2009,29.3459
2009-01-12,2009,26.5516
2009-01-13,2009,23.6223
2009-01-14,2009,21.8485
2009-01-15,2009,19.7072
2009-01-16,2009,18.8277
2009-01-17,2009,18.3883
2009-01-18,2009,17.8297
2009-01-19,2009,17.298
2009-01-20,2009,16.6822
2009-01-21,2009,15.1967
2009-01-22,2009,14.5189
2009-01-23,2009,12.3074
2009-01-24,2009,10.6602
2009-01-25,2009,8.7944
2009-01-26,2009,7.0365
2009-01-27,2009,7.6367
2009-01-28,2009,7.0435
2009-01-29,2009,6.8167
2009-01-30,2009,6.6743
2009-01-31,2009,6.5285
2009-02-01,2009,6.4359
2009-02-02,2009,6.2674
2009-02-03,2009,6.1791
2009-02-04,2009,6.0022
2009-02-05,2009,5.8237
2009-02-06,2009,4.7112
2009-02-07,2009,3.5788
2009-02-08,2009,2.6184
2009-02-09,2009,5.6696
2009-02-10,2009,18.2572
2009-02-11,2009,25.9203
2009-02-12,2009,25.0452
2009-02-13,2009,24.0209
2009-02-14,2009,23.0006
2009-02-15,2009,23.3211
2009-02-16,2009,21.8885
2009-02-17,2009,18.384
2009-02-18,2009,16.6637
2009-02-19,2009,15.5451
2009-02-20,2009,14.1696
2009-02-21,2009,12.6662
2009-02-22,2009,11.1829
2009-02-23,2009,4.9726
2009-02-24,2009,1.2381
2009-02-25,2009,0.56
2009-02-26,2009,0.0033
2009-02-27,2009,0
2009-02-28,2009,0
2009-03-01,2009,0
2009-03-02,2009,0
2009-03-03,2009,0
2009-03-04,2009,0
2009-03-05,2009,0
2009-03-06,2009,0
2009-03-07,2009,0
2009-03-08,2009,2.9104
2009-03-09,2009,1.5367
2009-03-10,2009,0.0057
2009-03-11,2009,0.1223
2009-03-12,2009,0
2009-03-13,2009,0
2009-03-14,2009,0
2009-03-15,2009,0
2009-03-16,2009,0
2009-03-17,2009,0
2009-03-18,2009,0
2009-03-19,2009,0
2009-03-20,2009,0
2009-03-21,2009,0
2009-03-22,2009,0
2009-03-23,2009,0
2009-03-24,2009,0
2009-03-25,2009,0
2009-03-26,2009,0
2009-03-27,2009,5.451
2009-03-28,2009,3.349
2009-03-29,2009,0.6585
2009-03-30,2009,0
2009-03-31,2009,3.4036
2009-04-01,2009,0.2104
2009-04-02,2009,0
2009-04-03,2009,0
2009-04-04,2009,2.1359
2009-04-05,2009,3.6503
2009-04-06,2009,2.2068
2009-04-07,2009,0
2009-04-08,2009,0
2009-04-09,2009,0
2009-04-10,2009,0
2009-04-11,2009,0
2009-04-12,2009,0
2009-04-13,2009,0
2009-04-14,2009,0
2009-04-15,2009,0
2009-04-16,2009,0.9324
2009-04-17,2009,1.955
2009-04-18,2009,0.001
2009-04-19,2009,0
2009-04-20,2009,0
2009-04-21,2009,0
2009-04-22,2009,0
2009-04-23,2009,0
2009-04-24,2009,0
2009-04-25,2009,0
2009-04-26,2009,0
2009-04-27,2009,0
2009-04-28,2009,0
2009-04-29,2009,0
2009-04-30,2009,0
2009-11-01,2010,0.0762
2009-11-02,2010,0
2009-11-03,2010,0
2009-11-04,2010,0
2009-11-05,2010,0
2009-11-06,2010,0
2009-11-07,2010,0
2009-11-08,2010,0
2009-11-09,2010,0
2009-11-10,2010,0
2009-11-11,2010,0
2009-11-12,2010,0
2009-11-13,2010,0
2009-11-14,2010,0
2009-11-15,2010,0.1979
2009-11-16,2010,0.2972
2009-11-17,2010,0.0385
2009-11-18,2010,6e-04
2009-11-19,2010,0
2009-11-20,2010,0
2009-11-21,2010,0
2009-11-22,2010,0
2009-11-23,2010,0
2009-11-24,2010,0
2009-11-25,2010,0
2009-11-26,2010,0
2009-11-27,2010,0
2009-11-28,2010,0
2009-11-29,2010,0
2009-11-30,2010,0
2009-12-01,2010,0
2009-12-02,2010,0
2009-12-03,2010,0
2009-12-04,2010,0
2009-12-05,2010,0
2009-12-06,2010,0
2009-12-07,2010,0
2009-12-08,2010,16.8165
2009-12-09,2010,25.5928
2009-12-10,2010,24.8962
2009-12-11,2010,24.3632
2009-12-12,2010,24.7242
2009-12-13,2010,26.1363
2009-12-14,2010,27.4741
2009-12-15,2010,26.5669
2009-12-16,2010,25.8606
2009-12-17,2010,25.2106
2009-12-18,2010,24.2313
2009-12-19,2010,22.8903
2009-12-20,2010,22.2199
2009-12-21,2010,21.328
2009-12-22,2010,20.1142
2009-12-23,2010,29.4131
2009-12-24,2010,35.3899
2009-12-25,2010,34.1946
2009-12-26,2010,33.0232
2009-12-27,2010,32.3473
2009-12-28,2010,32.0381
2009-12-29,2010,31.6369
2009-12-30,2010,33.8361
2009-12-31,2010,45.5124
2010-01-01,2010,56.6903
2010-01-02,2010,56.1038
2010-01-03,2010,55.0575
2010-01-04,2010,54.0845
2010-01-05,2010,53.7724
2010-01-06,2010,53.2361
2010-01-07,2010,51.6239
2010-01-08,2010,50.1716
2010-01-09,2010,49.04
2010-01-10,2010,48.0471
2010-01-11,2010,47.0939
2010-01-12,2010,46.1536
2010-01-13,2010,44.3928
2010-01-14,2010,43.3308
2010-01-15,2010,42.2671
2010-01-16,2010,41.3081
2010-01-17,2010,40.5628
2010-01-18,2010,39.6143
2010-01-19,2010,46.9429
2010-01-20,2010,53.8056
2010-01-21,2010,60.221
2010-01-22,2010,95.8105
2010-01-23,2010,109.4356
2010-01-24,2010,111.1006
2010-01-25,2010,110.1305
2010-01-26,2010,109.3908
2010-01-27,2010,108.7323
2010-01-28,2010,109.1506
2010-01-29,2010,109.3107
2010-01-30,2010,109.0422
2010-01-31,2010,108.5585
2010-02-01,2010,108.4126
2010-02-02,2010,107.708
2010-02-03,2010,107.4062
2010-02-04,2010,106.8808
2010-02-05,2010,105.869
2010-02-06,2010,98.0465
2010-02-07,2010,99.4346
2010-02-08,2010,111.2988
2010-02-09,2010,112.4313
2010-02-10,2010,112.7042
2010-02-11,2010,112.3076
2010-02-12,2010,111.5517
2010-02-13,2010,110.1467
2010-02-14,2010,108.5923
2010-02-15,2010,106.4634
2010-02-16,2010,105.1791
2010-02-17,2010,104.3219
2010-02-18,2010,103.5608
2010-02-19,2010,102.4452
2010-02-20,2010,98.9162
2010-02-21,2010,96.5796
2010-02-22,2010,109.0276
2010-02-23,2010,118.832
2010-02-24,2010,119.7799
2010-02-25,2010,123.2956
2010-02-26,2010,122.7003
2010-02-27,2010,121.716
2010-02-28,2010,119.3625
2010-03-01,2010,117.7107
2010-03-02,2010,115.8882
2010-03-03,2010,113.998
2010-03-04,2010,112.0585
2010-03-05,2010,106.8627
2010-03-06,2010,104.296
2010-03-07,2010,100.8574
2010-03-08,2010,90.8344
2010-03-09,2010,87.5141
2010-03-10,2010,99.2366
2010-03-11,2010,105.1778
2010-03-12,2010,75.0133
2010-03-13,2010,73.0456
2010-03-14,2010,66.0275
2010-03-15,2010,66.227
2010-03-16,2010,63.9231
2010-03-17,2010,56.0703
2010-03-18,2010,42.8019
2010-03-19,2010,33.9154
2010-03-20,2010,28.3425
2010-03-21,2010,26.7928
2010-03-22,2010,23.4711
2010-03-23,2010,18.1128
2010-03-24,2010,15.7381
2010-03-25,2010,14.0545
2010-03-26,2010,10.6131
2010-03-27,2010,9.6619
2010-03-28,2010,9.3919
2010-03-29,2010,7.7226
2010-03-30,2010,5.5999
2010-03-31,2010,1.571
2010-04-01,2010,0.1921
2010-04-02,2010,3.4716
2010-04-03,2010,2.8254
2010-04-04,2010,0.1097
2010-04-05,2010,0.0125
2010-04-06,2010,0.0203
2010-04-07,2010,0
2010-04-08,2010,0
2010-04-09,2010,0
2010-04-10,2010,0
2010-04-11,2010,0
2010-04-12,2010,0
2010-04-13,2010,0
2010-04-14,2010,0
2010-04-15,2010,0
2010-04-16,2010,0
2010-04-17,2010,0
2010-04-18,2010,0
2010-04-19,2010,0
2010-04-20,2010,0
2010-04-21,2010,0
2010-04-22,2010,6e-04
2010-04-23,2010,0.8623
2010-04-24,2010,0.004
2010-04-25,2010,0
2010-04-26,2010,0
2010-04-27,2010,0
2010-04-28,2010,0
2010-04-29,2010,0
2010-04-30,2010,0
2010-11-01,2011,0
2010-11-02,2011,0
2010-11-03,2011,0
2010-11-04,2011,0
2010-11-05,2011,0
2010-11-06,2011,0
2010-11-07,2011,0
2010-11-08,2011,0
2010-11-09,2011,0
2010-11-10,2011,0
2010-11-11,2011,1.9997
2010-11-12,2011,1.5154
2010-11-13,2011,0.6651
2010-11-14,2011,0.1312
2010-11-15,2011,0.0025
2010-11-16,2011,0
2010-11-17,2011,0
2010-11-18,2011,0
2010-11-19,2011,0
2010-11-20,2011,0
2010-11-21,2011,0
2010-11-22,2011,2.0712
2010-11-23,2011,2.5033
2010-11-24,2011,1.2457
2010-11-25,2011,3.0032
2010-11-26,2011,1.913
2010-11-27,2011,1.1081
2010-11-28,2011,0.2371
2010-11-29,2011,1.3083
2010-11-30,2011,0.8628
2010-12-01,2011,0.3278
2010-12-02,2011,0.2113
2010-12-03,2011,0
2010-12-04,2011,0
2010-12-05,2011,0
2010-12-06,2011,0
2010-12-07,2011,0
2010-12-08,2011,0
2010-12-09,2011,0
2010-12-10,2011,0
2010-12-11,2011,0
2010-12-12,2011,0
2010-12-13,2011,0
2010-12-14,2011,0
2010-12-15,2011,0
2010-12-16,2011,0
2010-12-17,2011,7.7808
2010-12-18,2011,11.8076
2010-12-19,2011,17.3671
2010-12-20,2011,0.0102
2010-12-21,2011,0
2010-12-22,2011,0
2010-12-23,2011,0
2010-12-24,2011,0.9061
2010-12-25,2011,0.3494
2010-12-26,2011,0
2010-12-27,2011,0
2010-12-28,2011,0
2010-12-29,2011,0
2010-12-30,2011,13.3114
2010-12-31,2011,25.4172
2011-01-01,2011,25.2939
2011-01-02,2011,24.8574
2011-01-03,2011,24.4338
2011-01-04,2011,23.9695
2011-01-05,2011,24.1643
2011-01-06,2011,23.4333
2011-01-07,2011,22.5897
2011-01-08,2011,22.1559
2011-01-09,2011,21.7838
2011-01-10,2011,20.4971
2011-01-11,2011,22.092
2011-01-12,2011,21.4508
2011-01-13,2011,20.595
2011-01-14,2011,19.5853
2011-01-15,2011,16.6939
2011-01-16,2011,14.3916
2011-01-17,2011,8.9703
2011-01-18,2011,4.1345
2011-01-19,2011,3.034
2011-01-20,2011,2.1774
2011-01-21,2011,1.8705
2011-01-22,2011,1.4586
2011-01-23,2011,1.128
2011-01-24,2011,0.9323
2011-01-25,2011,0.6932
2011-01-26,2011,0.5692
2011-01-27,2011,0.4199
2011-01-28,2011,0.1398
2011-01-29,2011,0.0269
2011-01-30,2011,0.0035
2011-01-31,2011,0.001
2011-02-01,2011,7e-04
2011-02-02,2011,4e-04
2011-02-03,2011,3e-04
2011-02-04,2011,1e-04
2011-02-05,2011,0
2011-02-06,2011,0
2011-02-07,2011,0
2011-02-08,2011,0
2011-02-09,2011,2.9558
2011-02-10,2011,1.618
2011-02-11,2011,0.3923
2011-02-12,2011,0.0256
2011-02-13,2011,1e-04
2011-02-14,2011,0
2011-02-15,2011,0
2011-02-16,2011,0
2011-02-17,2011,0
2011-02-18,2011,0
2011-02-19,2011,0
2011-02-20,2011,2.3748
2011-02-21,2011,5.8302
2011-02-22,2011,5.5197
2011-02-23,2011,6.1738
2011-02-24,2011,4.9001
2011-02-25,2011,3.8331
2011-02-26,2011,1.6119
2011-02-27,2011,0.4219
2011-02-28,2011,0.3697
2011-03-01,2011,0.1659
2011-03-02,2011,0
2011-03-03,2011,0
2011-03-04,2011,0
2011-03-05,2011,0
2011-03-06,2011,0
2011-03-07,2011,0
2011-03-08,2011,0.5743
2011-03-09,2011,0.595
2011-03-10,2011,0
2011-03-11,2011,0
2011-03-12,2011,0
2011-03-13,2011,0
2011-03-14,2011,0
2011-03-15,2011,0
2011-03-16,2011,0
2011-03-17,2011,0
2011-03-18,2011,0
2011-03-19,2011,0
2011-03-20,2011,0
2011-03-21,2011,0
2011-03-22,2011,4.4997
2011-03-23,2011,8.5891
2011-03-24,2011,3.6022
2011-03-25,2011,1.079
2011-03-26,2011,0
2011-03-27,2011,0.0457
2011-03-28,2011,0
2011-03-29,2011,0
2011-03-30,2011,0
2011-03-31,2011,0
2011-04-01,2011,0
2011-04-02,2011,0
2011-04-03,2011,0
2011-04-04,2011,0
2011-04-05,2011,0
2011-04-06,2011,0
2011-04-07,2011,0
2011-04-08,2011,0
2011-04-09,2011,0
2011-04-10,2011,4.4409
2011-04-11,2011,2.9825
2011-04-12,2011,0
2011-04-13,2011,0
2011-04-14,2011,0
2011-04-15,2011,0
2011-04-16,2011,0
2011-04-17,2011,0
2011-04-18,2011,0
2011-04-19,2011,0
2011-04-20,2011,0
2011-04-21,2011,0
2011-04-22,2011,0
2011-04-23,2011,0
2011-04-24,2011,0
2011-04-25,2011,0
2011-04-26,2011,0
2011-04-27,2011,0
2011-04-28,2011,0
2011-04-29,2011,0
2011-04-30,2011,0
2011-11-01,2012,0
2011-11-02,2012,0
2011-11-03,2012,0
2011-11-04,2012,0
2011-11-05,2012,0
2011-11-06,2012,0.8
2011-11-07,2012,0.3812
2011-11-08,2012,2.2925
2011-11-09,2012,1.9431
2011-11-10,2012,0.9124
2011-11-11,2012,0.2315
2011-11-12,2012,0.0772
2011-11-13,2012,0
2011-11-14,2012,0
2011-11-15,2012,0
2011-11-16,2012,0
2011-11-17,2012,0
2011-11-18,2012,0
2011-11-19,2012,0
2011-11-20,2012,0
2011-11-21,2012,0
2011-11-22,2012,0
2011-11-23,2012,0
2011-11-24,2012,0
2011-11-25,2012,0
2011-11-26,2012,0
2011-11-27,2012,0
2011-11-28,2012,0
2011-11-29,2012,0
2011-11-30,2012,0
2011-12-01,2012,0
2011-12-02,2012,2.1995
2011-12-03,2012,3.6853
2011-12-04,2012,11.5629
2011-12-05,2012,10.9959
2011-12-06,2012,14.8299
2011-12-07,2012,14.2068
2011-12-08,2012,9.1937
2011-12-09,2012,8.6024
2011-12-10,2012,7.8286
2011-12-11,2012,7.3773
2011-12-12,2012,6.5611
2011-12-13,2012,14.0053
2011-12-14,2012,17.2483
2011-12-15,2012,19.6596
2011-12-16,2012,16.4785
2011-12-17,2012,15.5484
2011-12-18,2012,14.7663
2011-12-19,2012,13.8485
2011-12-20,2012,13.1093
2011-12-21,2012,8.9346
2011-12-22,2012,8.7602
2011-12-23,2012,8.9161
2011-12-24,2012,8.3526
2011-12-25,2012,7.6375
2011-12-26,2012,7.1205
2011-12-27,2012,6.8112
2011-12-28,2012,6.3766
2011-12-29,2012,5.9813
2011-12-30,2012,4.6494
2011-12-31,2012,2.6213
2012-01-01,2012,1.7395
2012-01-02,2012,1.0959
2012-01-03,2012,0.562
2012-01-04,2012,0.4976
2012-01-05,2012,0.0101
2012-01-06,2012,6e-04
2012-01-07,2012,0
2012-01-08,2012,0
2012-01-09,2012,0
2012-01-10,2012,0
2012-01-11,2012,0
2012-01-12,2012,0
2012-01-13,2012,0
2012-01-14,2012,0
2012-01-15,2012,0
2012-01-16,2012,0.1619
2012-01-17,2012,5.628
2012-01-18,2012,5.7169
2012-01-19,2012,2.9013
2012-01-20,2012,0.037
2012-01-21,2012,0
2012-01-22,2012,1.3418
2012-01-23,2012,1.3562
2012-01-24,2012,10.7696
2012-01-25,2012,10.6757
2012-01-26,2012,8.2307
2012-01-27,2012,2.0924
2012-01-28,2012,0.8791
2012-01-29,2012,0.5469
2012-01-30,2012,0.3809
2012-01-31,2012,0.1334
2012-02-01,2012,0.0634
2012-02-02,2012,0.0362
2012-02-03,2012,0.1189
2012-02-04,2012,3.0226
2012-02-05,2012,2.3645
2012-02-06,2012,1.8215
2012-02-07,2012,2.1731
2012-02-08,2012,1.5855
2012-02-09,2012,0.4075
2012-02-10,2012,0.0035
2012-02-11,2012,0
2012-02-12,2012,0
2012-02-13,2012,0.1816
2012-02-14,2012,1.8576
2012-02-15,2012,6.5619
2012-02-16,2012,6.2246
2012-02-17,2012,5.0637
2012-02-18,2012,3.2668
2012-02-19,2012,1.5971
2012-02-20,2012,5.6804
2012-02-21,2012,4.8287
2012-02-22,2012,3.6153
2012-02-23,2012,0.1049
2012-02-24,2012,0
2012-02-25,2012,0
2012-02-26,2012,0
2012-02-27,2012,0
2012-02-28,2012,0
2012-02-29,2012,1.0444
2012-03-01,2012,0.3609
2012-03-02,2012,1.2949
2012-03-03,2012,2.1164
2012-03-04,2012,0.7805
2012-03-05,2012,0.0034
2012-03-06,2012,0
2012-03-07,2012,0
2012-03-08,2012,1.1665
2012-03-09,2012,0.1821
2012-03-10,2012,0
2012-03-11,2012,0
2012-03-12,2012,0
2012-03-13,2012,0
2012-03-14,2012,0
2012-03-15,2012,0
2012-03-16,2012,0
2012-03-17,2012,0
2012-03-18,2012,0
2012-03-19,2012,3.2439
2012-03-20,2012,9.342
2012-03-21,2012,7.9154
2012-03-22,2012,2.4683
2012-03-23,2012,0
2012-03-24,2012,0
2012-03-25,2012,0
2012-03-26,2012,0
2012-03-27,2012,0
2012-03-28,2012,0
2012-03-29,2012,0
2012-03-30,2012,0
2012-03-31,2012,0
2012-04-01,2012,0
2012-04-02,2012,0
2012-04-03,2012,0.0049
2012-04-04,2012,0
2012-04-05,2012,0
2012-04-06,2012,0
2012-04-07,2012,0
2012-04-08,2012,0
2012-04-09,2012,0
2012-04-10,2012,0
2012-04-11,2012,0
2012-04-12,2012,0
2012-04-13,2012,0
2012-04-14,2012,0
2012-04-15,2012,7.1909
2012-04-16,2012,4.2717
2012-04-17,2012,0.1221
2012-04-18,2012,0
2012-04-19,2012,0
2012-04-20,2012,0
2012-04-21,2012,0
2012-04-22,2012,0
2012-04-23,2012,0
2012-04-24,2012,0
2012-04-25,2012,0
2012-04-26,2012,0
2012-04-27,2012,0
2012-04-28,2012,0
2012-04-29,2012,0
2012-04-30,2012,0
2012-11-01,2013,0
2012-11-02,2013,0
2012-11-03,2013,0
2012-11-04,2013,0
2012-11-05,2013,0
2012-11-06,2013,0
2012-11-07,2013,0
2012-11-08,2013,0
2012-11-09,2013,0
2012-11-10,2013,0
2012-11-11,2013,3.3341
2012-11-12,2013,2.3537
2012-11-13,2013,1.6541
2012-11-14,2013,1.2292
2012-11-15,2013,0.0348
2012-11-16,2013,0.0033
2012-11-17,2013,0
2012-11-18,2013,0
2012-11-19,2013,0
2012-11-20,2013,0
2012-11-21,2013,0
2012-11-22,2013,0
2012-11-23,2013,0
2012-11-24,2013,0
2012-11-25,2013,0
2012-11-26,2013,0
2012-11-27,2013,0
2012-11-28,2013,0
2012-11-29,2013,0
2012-11-30,2013,0
2012-12-01,2013,0
2012-12-02,2013,0
2012-12-03,2013,0
2012-12-04,2013,0
2012-12-05,2013,0
2012-12-06,2013,0
2012-12-07,2013,0
2012-12-08,2013,0
2012-12-09,2013,0
2012-12-10,2013,0
2012-12-11,2013,0
2012-12-12,2013,0
2012-12-13,2013,0
2012-12-14,2013,0
2012-12-15,2013,13.2493
2012-12-16,2013,22.4683
2012-12-17,2013,22.5999
2012-12-18,2013,22.419
2012-12-19,2013,24.4291
2012-12-21,2013,30.6721
2012-12-22,2013,29.472
2012-12-23,2013,28.3243
2012-12-24,2013,27.1952
2012-12-25,2013,33.6342
2012-12-26,2013,33.1212
2012-12-27,2013,34.4914
2012-12-28,2013,36.379
2012-12-29,2013,36.4798
2012-12-30,2013,35.7889
2012-12-31,2013,38.7447
2013-01-01,2013,42.4972
2013-01-02,2013,42.4099
2013-01-03,2013,41.9906
2013-01-04,2013,41.6108
2013-01-05,2013,41.231
2013-01-06,2013,40.6076
2013-01-07,2013,39.6571
2013-01-08,2013,38.6474
2013-01-09,2013,37.0903
2013-01-10,2013,35.923
2013-01-11,2013,31.9402
2013-01-12,2013,33.1761
2013-01-13,2013,32.8543
2013-01-14,2013,32.9125
2013-01-15,2013,32.6911
2013-01-16,2013,31.8575
2013-01-17,2013,31.1675
2013-01-18,2013,30.6277
2013-01-19,2013,30.2096
2013-01-20,2013,29.4381
2013-01-21,2013,28.7734
2013-01-22,2013,27.7913
2013-01-23,2013,26.9745
2013-01-24,2013,26.0063
2013-01-25,2013,24.6244
2013-01-26,2013,23.591
2013-01-27,2013,18.6505
2013-01-28,2013,9.4907
2013-01-29,2013,27.0733
2013-01-30,2013,28.7412
2013-01-31,2013,27.9492
2013-02-01,2013,27.1233
2013-02-02,2013,26.4281
2013-02-03,2013,25.8041
2013-02-04,2013,25.6847
2013-02-05,2013,25.3905
2013-02-06,2013,8.7708
2013-02-07,2013,7.194
2013-02-08,2013,6.3147
2013-02-09,2013,2.3321
2013-02-10,2013,14.7962
2013-02-11,2013,21.7975
2013-02-12,2013,22.6272
2013-02-13,2013,22.0879
2013-02-14,2013,21.1773
2013-02-15,2013,19.9924
2013-02-16,2013,18.2845
2013-02-17,2013,16.9022
2013-02-18,2013,11.0696
2013-02-19,2013,9.3075
2013-02-20,2013,6.562
2013-02-21,2013,9.1249
2013-02-22,2013,9.7272
2013-02-23,2013,8.6291
2013-02-24,2013,6.7981
2013-02-25,2013,6.6215
2013-02-26,2013,5.6242
2013-02-27,2013,1.2339
2013-02-28,2013,1.1129
2013-03-01,2013,0.9448
2013-03-02,2013,0.4154
2013-03-03,2013,0.1228
2013-03-04,2013,6e-04
2013-03-05,2013,0
2013-03-06,2013,0
2013-03-07,2013,0
2013-03-08,2013,0
2013-03-09,2013,0.7688
2013-03-10,2013,6.7254
2013-03-11,2013,3.8217
2013-03-12,2013,0.4808
2013-03-13,2013,0.0184
2013-03-14,2013,0
2013-03-15,2013,0
2013-03-16,2013,0
2013-03-17,2013,0
2013-03-18,2013,0
2013-03-19,2013,0
2013-03-20,2013,0
2013-03-21,2013,0
2013-03-22,2013,0
2013-03-23,2013,0
2013-03-24,2013,0
2013-03-25,2013,0
2013-03-26,2013,0
2013-03-27,2013,0
2013-03-28,2013,0
2013-03-29,2013,0
2013-03-30,2013,0
2013-03-31,2013,0
2013-04-01,2013,0
2013-04-02,2013,0
2013-04-03,2013,0
2013-04-04,2013,0
2013-04-05,2013,0
2013-04-06,2013,0
2013-04-07,2013,0
2013-04-08,2013,0
2013-04-09,2013,0
2013-04-10,2013,2.2391
2013-04-11,2013,0.9065
2013-04-12,2013,0
2013-04-13,2013,0
2013-04-14,2013,0
2013-04-15,2013,0
2013-04-16,2013,0
2013-04-17,2013,0
2013-04-18,2013,0.4374
2013-04-19,2013,0
2013-04-20,2013,0
2013-04-21,2013,0
2013-04-22,2013,0
2013-04-23,2013,0
2013-04-24,2013,0
2013-04-25,2013,0
2013-04-26,2013,0
2013-04-27,2013,0
2013-04-28,2013,0
2013-04-29,2013,0
2013-04-30,2013,0
2013-11-01,2014,0.1283
2013-11-02,2014,0
2013-11-03,2014,0
2013-11-04,2014,0
2013-11-05,2014,0
2013-11-06,2014,0
2013-11-07,2014,0
2013-11-08,2014,0
2013-11-09,2014,0
2013-11-10,2014,0
2013-11-11,2014,0
2013-11-12,2014,0
2013-11-13,2014,0
2013-11-14,2014,0
2013-11-15,2014,0
2013-11-16,2014,0
2013-11-17,2014,0
2013-11-18,2014,0
2013-11-19,2014,0
2013-11-20,2014,0
2013-11-21,2014,0
2013-11-22,2014,0
2013-11-23,2014,1.1021
2013-11-24,2014,4.5261
2013-11-25,2014,12.7541
2013-11-26,2014,12.4187
2013-11-27,2014,11.652
2013-11-28,2014,0.6505
2013-11-29,2014,0.6133
2013-11-30,2014,0.5704
2013-12-01,2014,0.5755
2013-12-02,2014,0.5795
2013-12-03,2014,0.1568
2013-12-04,2014,6e-04
2013-12-05,2014,8.1598
2013-12-06,2014,8.1607
2013-12-07,2014,7.6817
2013-12-08,2014,9.1377
2013-12-09,2014,12.3921
2013-12-10,2014,12.0361
2013-12-11,2014,11.8099
2013-12-12,2014,11.447
2013-12-13,2014,11.703
2013-12-14,2014,11.2461
2013-12-15,2014,10.5232
2013-12-16,2014,9.699
2013-12-17,2014,8.887
2013-12-18,2014,8.1677
2013-12-19,2014,6.55
2013-12-20,2014,0.7989
2013-12-21,2014,9.9403
2013-12-22,2014,11.8493
2013-12-23,2014,11.3485
2013-12-24,2014,11.1025
2013-12-25,2014,10.1776
2013-12-26,2014,9.1189
2013-12-27,2014,7.5118
2013-12-28,2014,6.4664
2013-12-29,2014,5.6487
2013-12-30,2014,4.422
2013-12-31,2014,3.8663
2014-01-01,2014,3.1052
2014-01-02,2014,1.2649
2014-01-03,2014,0.7084
2014-01-04,2014,0.1222
2014-01-05,2014,0.0276
2014-01-06,2014,0.0133
2014-01-07,2014,0.0075
2014-01-08,2014,0.0037
2014-01-09,2014,0.0012
2014-01-10,2014,0
2014-01-11,2014,0
2014-01-12,2014,0
2014-01-13,2014,0
2014-01-14,2014,0
2014-01-15,2014,0
2014-01-16,2014,0
2014-01-17,2014,0
2014-01-18,2014,0
2014-01-19,2014,0
2014-01-20,2014,0
2014-01-21,2014,0
2014-01-22,2014,0
2014-01-23,2014,0
2014-01-24,2014,0
2014-01-25,2014,0
2014-01-26,2014,0
2014-01-27,2014,0
2014-01-28,2014,0
2014-01-29,2014,0
2014-01-30,2014,0
2014-01-31,2014,0
2014-02-01,2014,0.7186
2014-02-02,2014,2.3713
2014-02-03,2014,1.8287
2014-02-04,2014,2.8974
2014-02-05,2014,3.002
2014-02-06,2014,2.4561
2014-02-07,2014,3.3352
2014-02-08,2014,6.2205
2014-02-09,2014,2.7631
2014-02-10,2014,0.0065
2014-02-11,2014,0
2014-02-12,2014,0
2014-02-13,2014,0
2014-02-14,2014,0
2014-02-15,2014,0
2014-02-16,2014,0
2014-02-17,2014,0
2014-02-18,2014,0
2014-02-19,2014,0
2014-02-20,2014,0
2014-02-21,2014,0
2014-02-22,2014,0
2014-02-23,2014,0
2014-02-24,2014,0
2014-02-25,2014,0
2014-02-26,2014,0
2014-02-27,2014,0
2014-02-28,2014,0
2014-03-01,2014,0
2014-03-02,2014,1.3401
2014-03-03,2014,3.1332
2014-03-04,2014,1.2702
2014-03-05,2014,0.0261
2014-03-06,2014,0.0023
2014-03-07,2014,0
2014-03-08,2014,0
2014-03-09,2014,0
2014-03-10,2014,0
2014-03-11,2014,0
2014-03-12,2014,0
2014-03-13,2014,0
2014-03-14,2014,0
2014-03-15,2014,0
2014-03-16,2014,0
2014-03-17,2014,0
2014-03-18,2014,0
2014-03-19,2014,0
2014-03-20,2014,0
2014-03-21,2014,0
2014-03-22,2014,0
2014-03-23,2014,0
2014-03-24,2014,0
2014-03-25,2014,0
2014-03-26,2014,0
2014-03-27,2014,0.0574
2014-03-28,2014,0
2014-03-29,2014,0
2014-03-30,2014,0
2014-03-31,2014,0
2014-04-01,2014,0
2014-04-02,2014,0
2014-04-03,2014,4.8592
2014-04-04,2014,3.9128
2014-04-05,2014,1.3367
2014-04-06,2014,0.6055
2014-04-07,2014,0.0628
2014-04-08,2014,0
2014-04-09,2014,0
2014-04-10,2014,0
2014-04-11,2014,0
2014-04-12,2014,0
2014-04-13,2014,0
2014-04-14,2014,0
2014-04-15,2014,0
2014-04-16,2014,0
2014-04-17,2014,0
2014-04-18,2014,0
2014-04-19,2014,0
2014-04-20,2014,0
2014-04-21,2014,0
2014-04-22,2014,0
2014-04-23,2014,0
2014-04-24,2014,0
2014-04-25,2014,0
2014-04-26,2014,0
2014-04-27,2014,1.6066
2014-04-28,2014,0.0111
2014-04-29,2014,0
2014-04-30,2014,0
2014-11-01,2015,0
2014-11-02,2015,0
2014-11-03,2015,0
2014-11-04,2015,0
2014-11-05,2015,0
2014-11-06,2015,0
2014-11-07,2015,0
2014-11-08,2015,0
2014-11-09,2015,0
2014-11-10,2015,0
2014-11-11,2015,0
2014-11-12,2015,0
2014-11-13,2015,0
2014-11-14,2015,0
2014-11-15,2015,0
2014-11-16,2015,0
2014-11-17,2015,2.268
2014-11-18,2015,1.5185
2014-11-19,2015,0.9094
2014-11-20,2015,0.239
2014-11-21,2015,0.007
2014-11-22,2015,0
2014-11-23,2015,0
2014-11-24,2015,0.0058
2014-11-25,2015,0
2014-11-26,2015,0
2014-11-27,2015,0
2014-11-28,2015,0
2014-11-29,2015,0
2014-11-30,2015,0
2014-12-01,2015,0
2014-12-02,2015,0
2014-12-03,2015,0
2014-12-04,2015,0
2014-12-05,2015,0
2014-12-06,2015,0
2014-12-07,2015,0
2014-12-08,2015,0
2014-12-09,2015,0
2014-12-10,2015,0
2014-12-11,2015,0
2014-12-12,2015,0
2014-12-13,2015,0
2014-12-14,2015,1.4169
2014-12-15,2015,1.1611
2014-12-16,2015,0.999
2014-12-17,2015,0.4312
2014-12-18,2015,4.9552
2014-12-19,2015,6.7943
2014-12-20,2015,6.9288
2014-12-21,2015,6.9686
2014-12-22,2015,4.8275
2014-12-23,2015,0
2014-12-24,2015,0
2014-12-25,2015,0
2014-12-26,2015,1.3041
2014-12-27,2015,1.098
2014-12-28,2015,0.8428
2014-12-29,2015,0.3836
2014-12-30,2015,1e-04
2014-12-31,2015,0
2015-01-01,2015,1.2795
2015-01-02,2015,5.2862
2015-01-03,2015,5.1924
2015-01-04,2015,4.9013
2015-01-05,2015,4.696
2015-01-06,2015,4.5183
2015-01-07,2015,3.0223
2015-01-08,2015,0.5324
2015-01-09,2015,0.4479
2015-01-10,2015,0.1371
2015-01-11,2015,0.023
2015-01-12,2015,0.1254
2015-01-13,2015,0.7355
2015-01-14,2015,5.9498
2015-01-15,2015,8.5219
2015-01-16,2015,8.2478
2015-01-17,2015,7.6283
2015-01-18,2015,6.1588
2015-01-19,2015,5.2982
2015-01-20,2015,1.7878
2015-01-21,2015,1.3314
2015-01-22,2015,0.9288
2015-01-23,2015,0.651
2015-01-24,2015,0.2876
2015-01-25,2015,0.1045
2015-01-26,2015,0.0052
2015-01-27,2015,0
2015-01-28,2015,0
2015-01-29,2015,0
2015-01-30,2015,0.0128
2015-01-31,2015,15.6001
2015-02-01,2015,19.4559
2015-02-02,2015,18.1921
2015-02-03,2015,14.6015
2015-02-04,2015,5.876
2015-02-05,2015,0.0561
2015-02-06,2015,0
2015-02-07,2015,0
2015-02-08,2015,0
2015-02-09,2015,0
2015-02-10,2015,0
2015-02-11,2015,0
2015-02-12,2015,0
2015-02-13,2015,0
2015-02-14,2015,0
2015-02-15,2015,0
2015-02-16,2015,0
2015-02-17,2015,0
2015-02-18,2015,0
2015-02-19,2015,0
2015-02-20,2015,0
2015-02-21,2015,0
2015-02-22,2015,0
2015-02-23,2015,0.201
2015-02-24,2015,14.5316
2015-02-25,2015,24.3806
2015-02-26,2015,22.4048
2015-02-27,2015,21.5943
2015-02-28,2015,34.5283
2015-03-01,2015,41.9895
2015-03-02,2015,53.5009
2015-03-03,2015,35.3529
2015-03-04,2015,36.8963
2015-03-05,2015,36.3442
2015-03-06,2015,35.405
2015-03-07,2015,32.076
2015-03-08,2015,26.7532
2015-03-09,2015,19.4853
2015-03-10,2015,11.9492
2015-03-11,2015,6.7264
2015-03-12,2015,2.9155
2015-03-13,2015,1.9941
2015-03-14,2015,0.6627
2015-03-15,2015,0.1936
2015-03-16,2015,0.0296
2015-03-17,2015,0
2015-03-18,2015,0
2015-03-19,2015,0
2015-03-20,2015,0
2015-03-21,2015,0
2015-03-22,2015,0
2015-03-23,2015,0
2015-03-24,2015,0
2015-03-25,2015,0
2015-03-26,2015,0
2015-03-27,2015,0
2015-03-28,2015,0
2015-03-29,2015,0
2015-03-30,2015,0
2015-03-31,2015,0
2015-04-01,2015,0
2015-04-02,2015,0
2015-04-03,2015,0
2015-04-04,2015,0
2015-04-05,2015,0
2015-04-06,2015,0
2015-04-07,2015,0
2015-04-08,2015,0
2015-04-09,2015,0
2015-04-10,2015,0
2015-04-11,2015,0
2015-04-12,2015,0
2015-04-13,2015,0
2015-04-14,2015,0
2015-04-15,2015,0
2015-04-16,2015,0
2015-04-17,2015,0
2015-04-18,2015,0.0184
2015-04-19,2015,0
2015-04-20,2015,0
2015-04-21,2015,0
2015-04-22,2015,0
2015-04-23,2015,0
2015-04-24,2015,0
2015-04-25,2015,0
2015-04-26,2015,0.0301
2015-04-27,2015,0.0116
2015-04-28,2015,0
2015-04-29,2015,0
2015-04-30,2015,0
2015-11-01,2016,0
2015-11-02,2016,0
2015-11-03,2016,0
2015-11-04,2016,0
2015-11-05,2016,3.2635
2015-11-06,2016,4.6032
2015-11-07,2016,3.852
2015-11-08,2016,3.0465
2015-11-09,2016,0
2015-11-10,2016,0
2015-11-11,2016,1.9276
2015-11-12,2016,1.5845
2015-11-13,2016,0.3055
2015-11-14,2016,0
2015-11-15,2016,0
2015-11-16,2016,0
2015-11-17,2016,7.022
2015-11-18,2016,6.3742
2015-11-19,2016,2.3582
2015-11-20,2016,0.8687
2015-11-21,2016,0
2015-11-22,2016,0
2015-11-23,2016,0
2015-11-24,2016,0
2015-11-25,2016,0
2015-11-26,2016,0
2015-11-27,2016,0
2015-11-28,2016,0
2015-11-29,2016,0
2015-11-30,2016,0
2015-12-01,2016,0
2015-12-02,2016,0
2015-12-03,2016,0
2015-12-04,2016,0
2015-12-05,2016,0
2015-12-06,2016,0
2015-12-07,2016,0
2015-12-08,2016,0
2015-12-09,2016,0
2015-12-10,2016,0
2015-12-11,2016,0
2015-12-12,2016,2.0585
2015-12-13,2016,4.7496
2015-12-14,2016,3.515
2015-12-15,2016,11.4498
2015-12-16,2016,11.2711
2015-12-17,2016,11.1341
2015-12-18,2016,10.8125
2015-12-19,2016,10.4351
2015-12-20,2016,8.4277
2015-12-21,2016,8.7267
2015-12-22,2016,8.372
2015-12-23,2016,15.7571
2015-12-24,2016,18.8071
2015-12-25,2016,19.201
2015-12-26,2016,23.0461
2015-12-27,2016,22.8698
2015-12-28,2016,22.5936
2015-12-29,2016,22.477
2015-12-30,2016,22.519
2015-12-31,2016,22.2889
2016-01-01,2016,22.1804
2016-01-02,2016,22.1959
2016-01-03,2016,22.0601
2016-01-04,2016,21.5279
2016-01-05,2016,23.1247
2016-01-06,2016,26.2634
2016-01-07,2016,35.8729
2016-01-08,2016,44.5115
2016-01-09,2016,45.3096
2016-01-10,2016,45.378
2016-01-11,2016,45.8615
2016-01-12,2016,45.5011
2016-01-13,2016,45.0971
2016-01-14,2016,44.6991
2016-01-15,2016,43.6444
2016-01-16,2016,44.7045
2016-01-17,2016,44.3353
2016-01-18,2016,43.503
2016-01-19,2016,42.4611
2016-01-20,2016,43.1515
2016-01-21,2016,41.7869
2016-01-22,2016,41.0059
2016-01-23,2016,40.366
2016-01-24,2016,38.1129
2016-01-25,2016,38.1775
2016-01-26,2016,37.4688
2016-01-27,2016,36.6512
2016-01-28,2016,35.7362
2016-01-29,2016,34.7508
2016-01-30,2016,32.4802
2016-01-31,2016,15.8297
2016-02-01,2016,7.7588
2016-02-02,2016,16.6004
2016-02-03,2016,16.3782
2016-02-04,2016,15.9999
2016-02-05,2016,15.9664
2016-02-06,2016,15.5151
2016-02-07,2016,15.0671
2016-02-08,2016,13.7876
2016-02-09,2016,11.0806
2016-02-10,2016,9.0077
2016-02-11,2016,7.5801
2016-02-12,2016,6.0983
2016-02-13,2016,4.4725
2016-02-14,2016,1.7283
2016-02-15,2016,0.9439
2016-02-16,2016,0.3315
2016-02-17,2016,0.1227
2016-02-18,2016,0
2016-02-19,2016,0
2016-02-20,2016,0
2016-02-21,2016,0
2016-02-22,2016,0
2016-02-23,2016,0
2016-02-24,2016,0
2016-02-25,2016,0
2016-02-26,2016,0
2016-02-27,2016,0
2016-02-28,2016,0
2016-02-29,2016,0
2016-03-01,2016,0
2016-03-02,2016,0
2016-03-03,2016,0
2016-03-04,2016,0
2016-03-05,2016,0
2016-03-06,2016,0
2016-03-07,2016,0.2873
2016-03-08,2016,6e-04
2016-03-09,2016,0
2016-03-10,2016,0
2016-03-11,2016,0
2016-03-12,2016,0
2016-03-13,2016,0
2016-03-14,2016,0
2016-03-15,2016,0
2016-03-16,2016,0
2016-03-17,2016,0
2016-03-18,2016,0
2016-03-19,2016,0
2016-03-20,2016,0
2016-03-21,2016,0
2016-03-22,2016,0
2016-03-23,2016,0
2016-03-24,2016,0
2016-03-25,2016,0
2016-03-26,2016,0
2016-03-27,2016,0
2016-03-28,2016,0
2016-03-29,2016,0
2016-03-30,2016,0.5359
2016-03-31,2016,0.6223
2016-04-01,2016,0.0302
2016-04-02,2016,0
2016-04-03,2016,0
2016-04-04,2016,0
2016-04-05,2016,0
2016-04-06,2016,0
2016-04-07,2016,0
2016-04-08,2016,0
2016-04-09,2016,0
2016-04-10,2016,0
2016-04-11,2016,0
2016-04-12,2016,0
2016-04-13,2016,0
2016-04-14,2016,0
2016-04-15,2016,0
2016-04-16,2016,4.9426
2016-04-17,2016,20.1786
2016-04-18,2016,15.8275
2016-04-19,2016,9.6471
2016-04-20,2016,2.1467
2016-04-21,2016,0
2016-04-22,2016,0
2016-04-23,2016,0
2016-04-24,2016,0
2016-04-25,2016,0
2016-04-26,2016,0.1072
2016-04-27,2016,0
2016-04-28,2016,0
2016-04-29,2016,0
2016-04-30,2016,0
2016-11-01,2017,0
2016-11-02,2017,0
2016-11-03,2017,0
2016-11-04,2017,0
2016-11-05,2017,0
2016-11-06,2017,0
2016-11-07,2017,0
2016-11-08,2017,0
2016-11-09,2017,0
2016-11-10,2017,0
2016-11-11,2017,0
2016-11-12,2017,0
2016-11-13,2017,0
2016-11-14,2017,0
2016-11-15,2017,0
2016-11-16,2017,0
2016-11-17,2017,0
2016-11-18,2017,0
2016-11-19,2017,0
2016-11-20,2017,0
2016-11-21,2017,0
2016-11-22,2017,0.3518
2016-11-23,2017,0.1958
2016-11-24,2017,0
2016-11-25,2017,0
2016-11-26,2017,0
2016-11-27,2017,0
2016-11-28,2017,1.6808
2016-11-29,2017,8.1312
2016-11-30,2017,7.101
2016-12-01,2017,6.9286
2016-12-02,2017,6.7274
2016-12-03,2017,2.4932
2016-12-04,2017,1.7131
2016-12-05,2017,1.1725
2016-12-06,2017,0.1982
2016-12-07,2017,0.0311
2016-12-08,2017,0.0193
2016-12-09,2017,0.0115
2016-12-10,2017,0.0048
2016-12-11,2017,0
2016-12-12,2017,0
2016-12-13,2017,0
2016-12-14,2017,0
2016-12-15,2017,0
2016-12-16,2017,0
2016-12-17,2017,0
2016-12-18,2017,3.9497
2016-12-19,2017,3.7273
2016-12-20,2017,1.009
2016-12-21,2017,1.7624
2016-12-22,2017,1.3027
2016-12-23,2017,3.0925
2016-12-24,2017,1.9885
2016-12-25,2017,3.079
2016-12-26,2017,6.4051
2016-12-27,2017,6.4268
2016-12-28,2017,2.9157
2016-12-29,2017,1.8658
2016-12-30,2017,1.5505
2016-12-31,2017,1.3217
2017-01-01,2017,10.9359
2017-01-02,2017,13.0157
2017-01-03,2017,14.7675
2017-01-04,2017,12.3305
2017-01-05,2017,8.0218
2017-01-06,2017,3.4705
2017-01-07,2017,5.268
2017-01-08,2017,4.7489
2017-01-09,2017,2.8409
2017-01-10,2017,0
2017-01-11,2017,0
2017-01-12,2017,0
2017-01-13,2017,1.6615
2017-01-14,2017,1.4781
2017-01-15,2017,4.7533
2017-01-16,2017,8.3301
2017-01-17,2017,8.9075
2017-01-18,2017,10.5301
2017-01-19,2017,10.1667
2017-01-20,2017,17.0078
2017-01-21,2017,29.1249
2017-01-22,2017,37.6561
2017-01-23,2017,40.2021
2017-01-24,2017,39.2827
2017-01-25,2017,41.4613
2017-01-26,2017,51.247
2017-01-27,2017,50.9046
2017-01-28,2017,49.8584
2017-01-29,2017,48.6343
2017-01-30,2017,47.5388
2017-01-31,2017,44.7017
2017-02-01,2017,41.7489
2017-02-02,2017,36.2325
2017-02-03,2017,29.552
2017-02-04,2017,19.4789
2017-02-05,2017,10.5768
2017-02-06,2017,5.0123
2017-02-07,2017,2.5325
2017-02-08,2017,0.0401
2017-02-09,2017,0
2017-02-10,2017,0
2017-02-11,2017,0
2017-02-12,2017,0
2017-02-13,2017,0.0455
2017-02-14,2017,6.0759
2017-02-15,2017,4.6666
2017-02-16,2017,3.8018
2017-02-17,2017,1.2064
2017-02-18,2017,0.0561
2017-02-19,2017,0
2017-02-20,2017,1.0137
2017-02-21,2017,0
2017-02-22,2017,0
2017-02-23,2017,0
2017-02-24,2017,0
2017-02-25,2017,0
2017-02-26,2017,0
2017-02-27,2017,0
2017-02-28,2017,9.9441
2017-03-01,2017,27.0541
2017-03-02,2017,26.5203
2017-03-03,2017,25.5285
2017-03-04,2017,22.539
2017-03-05,2017,0.5937
2017-03-06,2017,0
2017-03-07,2017,0
2017-03-08,2017,0
2017-03-09,2017,0
2017-03-10,2017,0
2017-03-11,2017,0
2017-03-12,2017,0
2017-03-13,2017,0
2017-03-14,2017,0
2017-03-15,2017,0
2017-03-16,2017,0
2017-03-17,2017,0
2017-03-18,2017,0
2017-03-19,2017,0
2017-03-20,2017,0
2017-03-21,2017,0
2017-03-22,2017,0
2017-03-23,2017,0
2017-03-24,2017,2.8295
2017-03-25,2017,0
2017-03-26,2017,0
2017-03-27,2017,0
2017-03-28,2017,0.0011
2017-03-29,2017,0
2017-03-30,2017,0
2017-03-31,2017,0
2017-04-01,2017,6.0851
2017-04-02,2017,2.4221
2017-04-03,2017,0.0202
2017-04-04,2017,4.303
2017-04-05,2017,4.6282
2017-04-06,2017,2.617
2017-04-07,2017,6e-04
2017-04-08,2017,0
2017-04-09,2017,0
2017-04-10,2017,0
2017-04-11,2017,0
2017-04-12,2017,0
2017-04-13,2017,0
2017-04-14,2017,0
2017-04-15,2017,0
2017-04-16,2017,0
2017-04-17,2017,0
2017-04-18,2017,0
2017-04-19,2017,0
2017-04-20,2017,0
2017-04-21,2017,0
2017-04-22,2017,0
2017-04-23,2017,0
2017-04-24,2017,0
2017-04-25,2017,0
2017-04-26,2017,0
2017-04-27,2017,0
2017-04-28,2017,0
2017-04-29,2017,0
2017-04-30,2017,0
2017-11-01,2018,0
2017-11-02,2018,0
2017-11-03,2018,0
2017-11-04,2018,0
2017-11-05,2018,0
2017-11-06,2018,0
2017-11-07,2018,0
2017-11-08,2018,0
2017-11-09,2018,0
2017-11-10,2018,0
2017-11-11,2018,0
2017-11-12,2018,0
2017-11-13,2018,0
2017-11-14,2018,0
2017-11-15,2018,0
2017-11-16,2018,0
2017-11-17,2018,0
2017-11-18,2018,0
2017-11-19,2018,0
2017-11-20,2018,0
2017-11-21,2018,0
2017-11-22,2018,0
2017-11-23,2018,0
2017-11-24,2018,0
2017-11-25,2018,0
2017-11-26,2018,0
2017-11-27,2018,0
2017-11-28,2018,0
2017-11-29,2018,0
2017-11-30,2018,0
2017-12-01,2018,0
2017-12-02,2018,0
2017-12-03,2018,0
2017-12-04,2018,0
2017-12-05,2018,0
2017-12-06,2018,0
2017-12-07,2018,0
2017-12-08,2018,0
2017-12-09,2018,0
2017-12-10,2018,0
2017-12-11,2018,0
2017-12-12,2018,0
2017-12-13,2018,0
2017-12-14,2018,0
2017-12-15,2018,0
2017-12-16,2018,0
2017-12-17,2018,0
2017-12-18,2018,0
2017-12-19,2018,0
2017-12-20,2018,0
2017-12-21,2018,0
2017-12-22,2018,0.5788
2017-12-23,2018,0
2017-12-24,2018,0
2017-12-25,2018,0
2017-12-26,2018,0
2017-12-27,2018,0
2017-12-28,2018,0
2017-12-29,2018,0
2017-12-30,2018,0
2017-12-31,2018,0
2018-01-01,2018,0
2018-01-02,2018,0
2018-01-03,2018,0
2018-01-04,2018,0
2018-01-05,2018,0
2018-01-06,2018,0
2018-01-07,2018,0
2018-01-08,2018,0.5202
2018-01-09,2018,0.0017
2018-01-10,2018,0
2018-01-11,2018,2.1753
2018-01-12,2018,1.2579
2018-01-13,2018,0.3101
2018-01-14,2018,0.2212
2018-01-15,2018,0.1476
2018-01-16,2018,0.082
2018-01-17,2018,0.063
2018-01-18,2018,0.0416
2018-01-19,2018,0.0214
2018-01-20,2018,0
2018-01-21,2018,3.6885
2018-01-22,2018,3.8713
2018-01-23,2018,3.6099
2018-01-24,2018,6.2297
2018-01-25,2018,5.1076
2018-01-26,2018,0.2036
2018-01-27,2018,0.1419
2018-01-28,2018,0.1109
2018-01-29,2018,0.0528
2018-01-30,2018,0.0262
2018-01-31,2018,0
2018-02-01,2018,0
2018-02-02,2018,0
2018-02-03,2018,0
2018-02-04,2018,0
2018-02-05,2018,0
2018-02-06,2018,0
2018-02-07,2018,0
2018-02-08,2018,0
2018-02-09,2018,0
2018-02-10,2018,0
2018-02-11,2018,0.1687
2018-02-12,2018,0
2018-02-13,2018,0.2901
2018-02-14,2018,0.1575
2018-02-15,2018,0.5068
2018-02-16,2018,0.3656
2018-02-17,2018,0.2257
2018-02-18,2018,0.0465
2018-02-19,2018,0
2018-02-20,2018,4.3609
2018-02-21,2018,5.1946
2018-02-22,2018,4.5123
2018-02-23,2018,2.7911
2018-02-24,2018,7.1364
2018-02-25,2018,6.2178
2018-02-26,2018,6.1806
2018-02-27,2018,2.7938
2018-02-28,2018,0.324
2018-03-01,2018,0.1695
2018-03-02,2018,0.0543
2018-03-03,2018,0
2018-03-04,2018,0
2018-03-05,2018,0
2018-03-06,2018,0
2018-03-07,2018,0
2018-03-08,2018,0
2018-03-09,2018,0
2018-03-10,2018,0
2018-03-11,2018,0
2018-03-12,2018,0
2018-03-13,2018,0
2018-03-14,2018,0
2018-03-15,2018,0
2018-03-16,2018,3.1395
2018-03-17,2018,0.2054
2018-03-18,2018,0.0303
2018-03-19,2018,6.0588
2018-03-20,2018,4.6217
2018-03-21,2018,2.309
2018-03-22,2018,0
2018-03-23,2018,0
2018-03-24,2018,0
2018-03-25,2018,0
2018-03-26,2018,0
2018-03-27,2018,0
2018-03-28,2018,0
2018-03-29,2018,0
2018-03-30,2018,0
2018-03-31,2018,0
2018-04-01,2018,0
2018-04-02,2018,0
2018-04-03,2018,0
2018-04-04,2018,0
2018-04-05,2018,0
2018-04-06,2018,0
2018-04-07,2018,0
2018-04-08,2018,0
2018-04-09,2018,0
2018-04-10,2018,0
2018-04-11,2018,0
2018-04-12,2018,0
2018-04-13,2018,0
2018-04-14,2018,0
2018-04-15,2018,0
2018-04-16,2018,0
2018-04-17,2018,0
2018-04-18,2018,0
2018-04-19,2018,0
2018-04-20,2018,0
2018-04-21,2018,0.6802
2018-04-22,2018,0
2018-04-23,2018,0
2018-04-24,2018,0
2018-04-25,2018,0
2018-04-26,2018,0
2018-04-27,2018,0
2018-04-28,2018,0
2018-04-29,2018,0
2018-04-30,2018,0
2018-11-01,2019,0
2018-11-02,2019,0
2018-11-03,2019,0
2018-11-04,2019,0
2018-11-05,2019,0
2018-11-06,2019,0
2018-11-07,2019,0
2018-11-08,2019,0
2018-11-09,2019,0
2018-11-10,2019,0
2018-11-11,2019,0
2018-11-12,2019,0
2018-11-13,2019,0
2018-11-14,2019,0
2018-11-15,2019,0
2018-11-16,2019,0
2018-11-17,2019,0
2018-11-18,2019,0
2018-11-19,2019,0
2018-11-20,2019,0
2018-11-21,2019,0
2018-11-22,2019,0
2018-11-23,2019,0.0011
2018-11-24,2019,0
2018-11-25,2019,0
2018-11-26,2019,0
2018-11-27,2019,0
2018-11-28,2019,0
2018-11-29,2019,0
2018-11-30,2019,0
2018-12-01,2019,0
2018-12-02,2019,0
2018-12-03,2019,0
2018-12-04,2019,0
2018-12-05,2019,0
2018-12-06,2019,0
2018-12-07,2019,0
2018-12-08,2019,0
2018-12-09,2019,0
2018-12-10,2019,0
2018-12-11,2019,0
2018-12-12,2019,0
2018-12-13,2019,0
2018-12-14,2019,0
2018-12-15,2019,0
2018-12-16,2019,8.775
2018-12-17,2019,0
2018-12-18,2019,0
2018-12-19,2019,0
2018-12-20,2019,0
2018-12-21,2019,0
2018-12-22,2019,0
2018-12-23,2019,0
2018-12-24,2019,0
2018-12-25,2019,0
2018-12-26,2019,0
2018-12-27,2019,0
2018-12-28,2019,0
2018-12-29,2019,0
2018-12-30,2019,0
2018-12-31,2019,0
2019-01-01,2019,0
2019-01-02,2019,0
2019-01-03,2019,0
2019-01-04,2019,0
2019-01-05,2019,0
2019-01-06,2019,0
2019-01-07,2019,37.2085
2019-01-08,2019,37.2528
2019-01-09,2019,37.0461
2019-01-10,2019,36.4965
2019-01-11,2019,36.3545
2019-01-12,2019,36.1486
2019-01-13,2019,36.1935
2019-01-14,2019,42.1727
2019-01-15,2019,42.4471
2019-01-16,2019,50.0946
2019-01-17,2019,50.7073
2019-01-18,2019,45.8295
2019-01-19,2019,43.0764
2019-01-20,2019,42.4612
2019-01-21,2019,40.2631
2019-01-22,2019,39.5378
2019-01-23,2019,38.1992
2019-01-24,2019,37.6024
2019-01-25,2019,36.3463
2019-01-26,2019,35.4552
2019-01-27,2019,34.0537
2019-01-28,2019,31.7912
2019-01-29,2019,28.0044
2019-01-30,2019,26.9131
2019-01-31,2019,26.0921
2019-02-01,2019,24.4867
2019-02-02,2019,22.05
2019-02-03,2019,12.1211
2019-02-04,2019,1.2378
2019-02-05,2019,0.6548
2019-02-06,2019,0.5991
2019-02-07,2019,9.7348
2019-02-08,2019,9.337
2019-02-09,2019,8.0443
2019-02-10,2019,3.4757
2019-02-11,2019,1.3663
2019-02-12,2019,10.3659
2019-02-13,2019,9.6235
2019-02-14,2019,2.6101
2019-02-15,2019,0.5945
2019-02-16,2019,0.0186
2019-02-17,2019,2.1047
2019-02-18,2019,14.7286
2019-02-19,2019,20.7069
2019-02-20,2019,13.3349
2019-02-21,2019,14.4131
2019-02-22,2019,35.6038
2019-02-23,2019,46.4281
2019-02-24,2019,45.9483
2019-02-25,2019,45.7912
2019-02-26,2019,45.328
2019-02-27,2019,44.2785
2019-02-28,2019,41.8899
2019-03-01,2019,26.8213
2019-03-02,2019,5.4167
2019-03-03,2019,0.0017
2019-03-04,2019,0
2019-03-05,2019,1.2342
2019-03-06,2019,0.0283
2019-03-07,2019,0
2019-03-08,2019,0
2019-03-09,2019,0.0295
2019-03-10,2019,0.0039
2019-03-11,2019,0
2019-03-12,2019,0
2019-03-13,2019,3.4827
2019-03-14,2019,9.4954
2019-03-15,2019,8.3419
2019-03-16,2019,5.5442
2019-03-17,2019,1.8203
2019-03-18,2019,0.4741
2019-03-19,2019,0.0484
2019-03-20,2019,0
2019-03-21,2019,0
2019-03-22,2019,0.1387
2019-03-23,2019,0.399
2019-03-24,2019,0.038
2019-03-25,2019,0
2019-03-26,2019,2.9539
2019-03-27,2019,0
2019-03-28,2019,0
2019-03-29,2019,0
2019-03-30,2019,0
2019-03-31,2019,0
2019-04-01,2019,0
2019-04-02,2019,0
2019-04-03,2019,0
2019-04-04,2019,0
2019-04-05,2019,0
2019-04-06,2019,0
2019-04-07,2019,0
2019-04-08,2019,0
2019-04-09,2019,0
2019-04-10,2019,0
2019-04-11,2019,2.4716
2019-04-12,2019,0.8174
2019-04-13,2019,0.407
2019-04-14,2019,0.0529
2019-04-15,2019,0
2019-04-16,2019,0
2019-04-17,2019,0
2019-04-18,2019,0
2019-04-19,2019,0
2019-04-20,2019,0
2019-04-21,2019,0
2019-04-22,2019,0
2019-04-23,2019,0
2019-04-24,2019,0
2019-04-25,2019,0
2019-04-26,2019,0
2019-04-27,2019,0
2019-04-28,2019,0
2019-04-29,2019,0
2019-04-30,2019,0
