"DateTime"," Palmer Drought Severity Index (PDSI) (gridMET) at Upper Puerco, 1979-01-01 to 2019-06-09"
"1979-01-01",
"1979-01-10",
"1979-01-20",
"1979-02-01",0.3535
"1979-02-10",0.5727
"1979-02-20",0.587
"1979-03-01",0.7122
"1979-03-10",0.7179
"1979-03-20",0.7699
"1979-04-01",0.8558
"1979-04-10",0.9865
"1979-04-20",0.9482
"1979-05-01",0.7869
"1979-05-10",0.7339
"1979-05-20",0.8173
"1979-06-01",1.2031
"1979-06-10",1.6332
"1979-06-20",1.9201
"1979-07-01",1.9502
"1979-07-10",1.7145
"1979-07-20",1.5166
"1979-08-01",1.0723
"1979-08-10",0.6388
"1979-08-20",0.1012
"1979-09-01",-0.3238
"1979-09-10",-1.1766
"1979-09-20",-1.6957
"1979-10-01",-1.9894
"1979-10-10",-2.2284
"1979-10-20",-2.3523
"1979-11-01",-2.3151
"1979-11-10",-1.9355
"1979-11-20",-1.635
"1979-12-01",-1.4314
"1979-12-10",-1.5998
"1979-12-20",-1.7627
"1980-01-01",-1.7018
"1980-01-10",-1.5217
"1980-01-20",-1.0356
"1980-02-01",-0.2167
"1980-02-10",0.6616
"1980-02-20",1.8912
"1980-03-01",2.3715
"1980-03-10",2.8439
"1980-03-20",2.9944
"1980-04-01",3.1569
"1980-04-10",3.258
"1980-04-20",3.3856
"1980-05-01",3.3578
"1980-05-10",3.3696
"1980-05-20",3.4271
"1980-06-01",3.3166
"1980-06-10",3.1103
"1980-06-20",2.9243
"1980-07-01",2.6714
"1980-07-10",2.4606
"1980-07-20",2.2262
"1980-08-01",1.9003
"1980-08-10",1.4532
"1980-08-20",0.7509
"1980-09-01",0.3346
"1980-09-10",0.4499
"1980-09-20",0.5471
"1980-10-01",0.5206
"1980-10-10",-0.0697
"1980-10-20",-0.3073
"1980-11-01",-0.5359
"1980-11-10",-0.7233
"1980-11-20",-1.2049
"1980-12-01",-1.7102
"1980-12-10",-1.8322
"1980-12-20",-1.8568
"1981-01-01",-1.9535
"1981-01-10",-2.1568
"1981-01-20",-2.3669
"1981-02-01",-2.477
"1981-02-10",-2.488
"1981-02-20",-2.5379
"1981-03-01",-2.5647
"1981-03-10",-2.3686
"1981-03-20",-2.0333
"1981-04-01",-1.6249
"1981-04-10",-1.4469
"1981-04-20",-1.2215
"1981-05-01",-1.1868
"1981-05-10",-1.1716
"1981-05-20",-1.2491
"1981-06-01",-1.1839
"1981-06-10",-1.0661
"1981-06-20",-0.9806
"1981-07-01",-0.8204
"1981-07-10",-0.3616
"1981-07-20",1.218
"1981-08-01",1.5504
"1981-08-10",1.6098
"1981-08-20",1.3159
"1981-09-01",1.1485
"1981-09-10",1.1265
"1981-09-20",1.1903
"1981-10-01",1.2059
"1981-10-10",1.294
"1981-10-20",1.3536
"1981-11-01",1.3098
"1981-11-10",1.0847
"1981-11-20",0.7738
"1981-12-01",0.5728
"1981-12-10",0.1035
"1981-12-20",-0.4793
"1982-01-01",-1.0044
"1982-01-10",-1.1096
"1982-01-20",-1.0346
"1982-02-01",-0.886
"1982-02-10",-0.6627
"1982-02-20",-0.2881
"1982-03-01",0.2291
"1982-03-10",0.3842
"1982-03-20",0.7191
"1982-04-01",0.8767
"1982-04-10",0.9212
"1982-04-20",0.7299
"1982-05-01",0.3325
"1982-05-10",0.4067
"1982-05-20",0.5457
"1982-06-01",0.666
"1982-06-10",0.5674
"1982-06-20",0.4387
"1982-07-01",0.2491
"1982-07-10",-0.0829
"1982-07-20",-0.4566
"1982-08-01",-0.5258
"1982-08-10",-0.1586
"1982-08-20",0.2208
"1982-09-01",0.7446
"1982-09-10",1.1581
"1982-09-20",1.4907
"1982-10-01",1.5578
"1982-10-10",1.4591
"1982-10-20",1.2383
"1982-11-01",0.9819
"1982-11-10",0.8975
"1982-11-20",0.9661
"1982-12-01",1.1812
"1982-12-10",1.4185
"1982-12-20",1.4599
"1983-01-01",1.5644
"1983-01-10",1.5239
"1983-01-20",1.6412
"1983-02-01",1.6686
"1983-02-10",1.8759
"1983-02-20",1.9684
"1983-03-01",1.9155
"1983-03-10",1.9083
"1983-03-20",2.0507
"1983-04-01",2.2709
"1983-04-10",2.4621
"1983-04-20",2.5173
"1983-05-01",2.427
"1983-05-10",2.2898
"1983-05-20",2.1621
"1983-06-01",2.066
"1983-06-10",1.9882
"1983-06-20",1.8446
"1983-07-01",1.7452
"1983-07-10",1.7072
"1983-07-20",1.6061
"1983-08-01",1.6839
"1983-08-10",1.7655
"1983-08-20",1.9194
"1983-09-01",1.781
"1983-09-10",1.5072
"1983-09-20",1.1587
"1983-10-01",1.2868
"1983-10-10",1.7199
"1983-10-20",2.2
"1983-11-01",2.2234
"1983-11-10",2.011
"1983-11-20",1.8441
"1983-12-01",1.8807
"1983-12-10",1.9666
"1983-12-20",2.0063
"1984-01-01",2.0816
"1984-01-10",2.0592
"1984-01-20",2.1196
"1984-02-01",1.9042
"1984-02-10",1.663
"1984-02-20",1.3832
"1984-03-01",1.0512
"1984-03-10",0.2792
"1984-03-20",-0.4497
"1984-04-01",-0.3532
"1984-04-10",-0.1619
"1984-04-20",0.2617
"1984-05-01",0.4892
"1984-05-10",0.5788
"1984-05-20",0.5447
"1984-06-01",0.2709
"1984-06-10",0.156
"1984-06-20",0.0721
"1984-07-01",0.078
"1984-07-10",-0.0621
"1984-07-20",0.0836
"1984-08-01",-0.0639
"1984-08-10",-0.099
"1984-08-20",-0.1329
"1984-09-01",0.3083
"1984-09-10",0.4482
"1984-09-20",0.5026
"1984-10-01",0.9217
"1984-10-10",1.3715
"1984-10-20",2.0548
"1984-11-01",2.3473
"1984-11-10",2.3784
"1984-11-20",2.1723
"1984-12-01",1.9403
"1984-12-10",1.7892
"1984-12-20",1.8768
"1985-01-01",2.026
"1985-01-10",2.191
"1985-01-20",2.2083
"1985-02-01",2.2808
"1985-02-10",2.4642
"1985-02-20",2.5313
"1985-03-01",2.5213
"1985-03-10",2.5386
"1985-03-20",2.7604
"1985-04-01",2.8785
"1985-04-10",2.9119
"1985-04-20",2.8053
"1985-05-01",3.148
"1985-05-10",3.536
"1985-05-20",3.8388
"1985-06-01",3.6818
"1985-06-10",3.578
"1985-06-20",3.4442
"1985-07-01",3.2481
"1985-07-10",2.9923
"1985-07-20",2.8369
"1985-08-01",2.8568
"1985-08-10",2.9338
"1985-08-20",2.8449
"1985-09-01",2.4766
"1985-09-10",2.082
"1985-09-20",2.0589
"1985-10-01",2.1527
"1985-10-10",2.3803
"1985-10-20",2.4537
"1985-11-01",2.5083
"1985-11-10",2.3589
"1985-11-20",2.1806
"1985-12-01",2.2098
"1985-12-10",2.3068
"1985-12-20",2.2431
"1986-01-01",1.9748
"1986-01-10",1.6613
"1986-01-20",1.319
"1986-02-01",0.7466
"1986-02-10",0.4305
"1986-02-20",0.3962
"1986-03-01",0.4056
"1986-03-10",0.2739
"1986-03-20",0.1642
"1986-04-01",0.2026
"1986-04-10",0.3634
"1986-04-20",0.4184
"1986-05-01",0.4711
"1986-05-10",0.3261
"1986-05-20",0.2898
"1986-06-01",0.2968
"1986-06-10",0.3965
"1986-06-20",0.4003
"1986-07-01",0.7534
"1986-07-10",0.9826
"1986-07-20",1.4771
"1986-08-01",1.7222
"1986-08-10",1.8127
"1986-08-20",1.527
"1986-09-01",1.4442
"1986-09-10",1.5106
"1986-09-20",1.5567
"1986-10-01",1.6063
"1986-10-10",1.6977
"1986-10-20",1.9324
"1986-11-01",1.9948
"1986-11-10",2.2729
"1986-11-20",2.5157
"1986-12-01",2.838
"1986-12-10",2.9095
"1986-12-20",2.9546
"1987-01-01",2.9583
"1987-01-10",2.7842
"1987-01-20",2.7553
"1987-02-01",2.7442
"1987-02-10",2.6077
"1987-02-20",2.4823
"1987-03-01",2.6357
"1987-03-10",2.8101
"1987-03-20",2.8708
"1987-04-01",2.8076
"1987-04-10",2.7663
"1987-04-20",2.6679
"1987-05-01",2.4851
"1987-05-10",2.287
"1987-05-20",2.2348
"1987-06-01",2.2359
"1987-06-10",2.3173
"1987-06-20",2.2758
"1987-07-01",2.2075
"1987-07-10",1.9431
"1987-07-20",1.7955
"1987-08-01",1.822
"1987-08-10",2.0523
"1987-08-20",2.1677
"1987-09-01",2.148
"1987-09-10",1.9459
"1987-09-20",1.717
"1987-10-01",1.4088
"1987-10-10",1.042
"1987-10-20",0.6793
"1987-11-01",0.576
"1987-11-10",0.8376
"1987-11-20",1.2201
"1987-12-01",1.4205
"1987-12-10",1.2081
"1987-12-20",1.182
"1988-01-01",1.2354
"1988-01-10",1.385
"1988-01-20",1.4608
"1988-02-01",1.3978
"1988-02-10",1.467
"1988-02-20",1.3454
"1988-03-01",1.2096
"1988-03-10",0.8908
"1988-03-20",0.5295
"1988-04-01",-0.1623
"1988-04-10",-1.0139
"1988-04-20",-0.8026
"1988-05-01",-0.1073
"1988-05-10",0.6775
"1988-05-20",0.8967
"1988-06-01",0.7678
"1988-06-10",0.6962
"1988-06-20",0.6154
"1988-07-01",1.0472
"1988-07-10",1.3961
"1988-07-20",1.595
"1988-08-01",1.4722
"1988-08-10",1.3742
"1988-08-20",1.3384
"1988-09-01",1.6147
"1988-09-10",1.8117
"1988-09-20",1.9766
"1988-10-01",1.7816
"1988-10-10",1.5675
"1988-10-20",1.3244
"1988-11-01",1.0325
"1988-11-10",0.6084
"1988-11-20",-0.0328
"1988-12-01",-0.2052
"1988-12-10",-0.1931
"1988-12-20",-0.5393
"1989-01-01",-1.0613
"1989-01-10",-1.2236
"1989-01-20",-1.2531
"1989-02-01",-1.211
"1989-02-10",-1.075
"1989-02-20",-0.9514
"1989-03-01",-0.9893
"1989-03-10",-1.2084
"1989-03-20",-1.4845
"1989-04-01",-1.7067
"1989-04-10",-1.9828
"1989-04-20",-2.2005
"1989-05-01",-2.403
"1989-05-10",-2.5499
"1989-05-20",-2.6482
"1989-06-01",-2.7255
"1989-06-10",-2.7755
"1989-06-20",-2.8067
"1989-07-01",-2.8386
"1989-07-10",-2.854
"1989-07-20",-2.9757
"1989-08-01",-2.8386
"1989-08-10",-2.7607
"1989-08-20",-2.514
"1989-09-01",-2.6418
"1989-09-10",-2.7182
"1989-09-20",-2.9616
"1989-10-01",-3.1448
"1989-10-10",-3.13
"1989-10-20",-3.0155
"1989-11-01",-2.8999
"1989-11-10",-2.9785
"1989-11-20",-3.1294
"1989-12-01",-3.3088
"1989-12-10",-3.498
"1989-12-20",-3.6968
"1990-01-01",-3.8477
"1990-01-10",-3.9466
"1990-01-20",-3.9603
"1990-02-01",-3.9918
"1990-02-10",-3.9944
"1990-02-20",-4.0133
"1990-03-01",-3.9719
"1990-03-10",-3.9011
"1990-03-20",-3.7935
"1990-04-01",-3.7212
"1990-04-10",-3.6791
"1990-04-20",-3.6555
"1990-05-01",-3.497
"1990-05-10",-3.1689
"1990-05-20",-2.8917
"1990-06-01",-2.7129
"1990-06-10",-2.7137
"1990-06-20",-2.6826
"1990-07-01",-2.6447
"1990-07-10",-2.2887
"1990-07-20",-1.7904
"1990-08-01",-1.4867
"1990-08-10",-1.6104
"1990-08-20",-1.5698
"1990-09-01",-1.4773
"1990-09-10",-1.2563
"1990-09-20",-1.2552
"1990-10-01",-0.9526
"1990-10-10",-0.619
"1990-10-20",-0.0818
"1990-11-01",-0.1726
"1990-11-10",0.304
"1990-11-20",0.2995
"1990-12-01",0.7721
"1990-12-10",0.5488
"1990-12-20",0.7854
"1991-01-01",1.3651
"1991-01-10",1.8434
"1991-01-20",2.0221
"1991-02-01",2.0954
"1991-02-10",2.0641
"1991-02-20",1.9161
"1991-03-01",1.7573
"1991-03-10",1.7613
"1991-03-20",1.7904
"1991-04-01",1.9259
"1991-04-10",1.9555
"1991-04-20",1.8417
"1991-05-01",1.6064
"1991-05-10",1.4586
"1991-05-20",1.2515
"1991-06-01",1.0408
"1991-06-10",1.0392
"1991-06-20",1.256
"1991-07-01",1.4325
"1991-07-10",1.4211
"1991-07-20",1.3167
"1991-08-01",1.2741
"1991-08-10",1.3045
"1991-08-20",1.2297
"1991-09-01",1.0854
"1991-09-10",1.0521
"1991-09-20",1.0161
"1991-10-01",0.958
"1991-10-10",0.5466
"1991-10-20",-0.0432
"1991-11-01",-0.4621
"1991-11-10",-0.3381
"1991-11-20",0.2799
"1991-12-01",0.8125
"1991-12-10",1.1284
"1991-12-20",1.4848
"1992-01-01",1.7699
"1992-01-10",2.0538
"1992-01-20",2.1009
"1992-02-01",2.1176
"1992-02-10",2.1688
"1992-02-20",2.1919
"1992-03-01",2.1752
"1992-03-10",2.2132
"1992-03-20",2.0981
"1992-04-01",2.1695
"1992-04-10",2.1162
"1992-04-20",2.1729
"1992-05-01",2.0441
"1992-05-10",2.2834
"1992-05-20",2.636
"1992-06-01",3.2782
"1992-06-10",3.6007
"1992-06-20",3.6641
"1992-07-01",3.5007
"1992-07-10",3.3362
"1992-07-20",3.173
"1992-08-01",3.0149
"1992-08-10",2.887
"1992-08-20",2.6917
"1992-09-01",2.8197
"1992-09-10",2.8008
"1992-09-20",2.8922
"1992-10-01",2.5661
"1992-10-10",2.2805
"1992-10-20",1.905
"1992-11-01",1.8442
"1992-11-10",1.8847
"1992-11-20",2.0057
"1992-12-01",1.8938
"1992-12-10",2.0519
"1992-12-20",2.227
"1993-01-01",2.4417
"1993-01-10",2.7956
"1993-01-20",3.5029
"1993-02-01",4.0793
"1993-02-10",4.3552
"1993-02-20",4.4739
"1993-03-01",4.6991
"1993-03-10",4.8621
"1993-03-20",4.8464
"1993-04-01",4.937
"1993-04-10",4.8945
"1993-04-20",4.9378
"1993-05-01",4.829
"1993-05-10",4.5991
"1993-05-20",4.4801
"1993-06-01",4.3701
"1993-06-10",4.2274
"1993-06-20",4.028
"1993-07-01",3.7674
"1993-07-10",3.4377
"1993-07-20",3.0153
"1993-08-01",2.4274
"1993-08-10",1.9181
"1993-08-20",1.666
"1993-09-01",1.9684
"1993-09-10",2.2113
"1993-09-20",2.3027
"1993-10-01",1.981
"1993-10-10",1.8959
"1993-10-20",1.8485
"1993-11-01",1.8332
"1993-11-10",1.6977
"1993-11-20",1.6972
"1993-12-01",1.788
"1993-12-10",1.808
"1993-12-20",1.5686
"1994-01-01",1.2803
"1994-01-10",0.8516
"1994-01-20",-0.049
"1994-02-01",-0.8221
"1994-02-10",-1.0989
"1994-02-20",-1.1053
"1994-03-01",-1.0758
"1994-03-10",-1.2297
"1994-03-20",-1.2258
"1994-04-01",-1.2696
"1994-04-10",-1.1686
"1994-04-20",-1.2225
"1994-05-01",-1.0565
"1994-05-10",-0.9112
"1994-05-20",-0.7391
"1994-06-01",-0.4222
"1994-06-10",-0.1127
"1994-06-20",0.4209
"1994-07-01",0.5834
"1994-07-10",0.5177
"1994-07-20",0.1008
"1994-08-01",-0.4188
"1994-08-10",-0.7348
"1994-08-20",-0.8197
"1994-09-01",-0.9968
"1994-09-10",-0.7635
"1994-09-20",-0.4904
"1994-10-01",-0.0871
"1994-10-10",-0.4256
"1994-10-20",-0.1439
"1994-11-01",0.2433
"1994-11-10",0.7041
"1994-11-20",0.8365
"1994-12-01",0.9578
"1994-12-10",1.021
"1994-12-20",0.8453
"1995-01-01",0.7361
"1995-01-10",0.7281
"1995-01-20",0.8384
"1995-02-01",0.9619
"1995-02-10",0.8381
"1995-02-20",0.8442
"1995-03-01",0.8343
"1995-03-10",1.1004
"1995-03-20",1.2079
"1995-04-01",1.1965
"1995-04-10",0.9517
"1995-04-20",0.8695
"1995-05-01",0.9046
"1995-05-10",1.0076
"1995-05-20",1.0576
"1995-06-01",1.1574
"1995-06-10",1.2015
"1995-06-20",1.1543
"1995-07-01",1.0045
"1995-07-10",0.8154
"1995-07-20",0.6031
"1995-08-01",-0.2555
"1995-08-10",-0.9219
"1995-08-20",-1.2341
"1995-09-01",-1.1945
"1995-09-10",-0.9975
"1995-09-20",-1.0092
"1995-10-01",-0.8975
"1995-10-10",-0.9266
"1995-10-20",-0.95
"1995-11-01",-1.2406
"1995-11-10",-1.3394
"1995-11-20",-1.4373
"1995-12-01",-1.5566
"1995-12-10",-1.8427
"1995-12-20",-1.9923
"1996-01-01",-2.0452
"1996-01-10",-2.0926
"1996-01-20",-2.2655
"1996-02-01",-2.436
"1996-02-10",-2.5488
"1996-02-20",-2.7018
"1996-03-01",-2.7367
"1996-03-10",-2.8099
"1996-03-20",-2.825
"1996-04-01",-2.9165
"1996-04-10",-3.0061
"1996-04-20",-3.0849
"1996-05-01",-3.2016
"1996-05-10",-3.311
"1996-05-20",-3.4384
"1996-06-01",-3.529
"1996-06-10",-3.5918
"1996-06-20",-3.5189
"1996-07-01",-3.248
"1996-07-10",-2.8368
"1996-07-20",-2.5191
"1996-08-01",-2.5114
"1996-08-10",-2.721
"1996-08-20",-3.0173
"1996-09-01",-3.0623
"1996-09-10",-3.042
"1996-09-20",-2.5743
"1996-10-01",-2.1348
"1996-10-10",-1.6664
"1996-10-20",-1.6719
"1996-11-01",-1.5318
"1996-11-10",-1.4595
"1996-11-20",-1.2831
"1996-12-01",-1.0627
"1996-12-10",-0.8681
"1996-12-20",-0.8814
"1997-01-01",-1.1389
"1997-01-10",-1.1927
"1997-01-20",-1.0596
"1997-02-01",-0.5376
"1997-02-10",-0.173
"1997-02-20",-0.219
"1997-03-01",-0.0507
"1997-03-10",-0.126
"1997-03-20",-0.2537
"1997-04-01",-0.7252
"1997-04-10",-0.8477
"1997-04-20",-0.735
"1997-05-01",-0.3746
"1997-05-10",-0.3644
"1997-05-20",-0.1235
"1997-06-01",0.0439
"1997-06-10",0.9559
"1997-06-20",1.3782
"1997-07-01",1.6451
"1997-07-10",1.4287
"1997-07-20",1.2398
"1997-08-01",1.25
"1997-08-10",1.4837
"1997-08-20",1.6724
"1997-09-01",1.797
"1997-09-10",1.7603
"1997-09-20",1.9415
"1997-10-01",2.04
"1997-10-10",2.0862
"1997-10-20",1.9189
"1997-11-01",1.8262
"1997-11-10",1.7133
"1997-11-20",1.7984
"1997-12-01",1.8096
"1997-12-10",2.1417
"1997-12-20",2.2057
"1998-01-01",2.3643
"1998-01-10",2.316
"1998-01-20",2.256
"1998-02-01",2.0916
"1998-02-10",2.0368
"1998-02-20",2.0797
"1998-03-01",2.2295
"1998-03-10",2.2221
"1998-03-20",2.3597
"1998-04-01",2.535
"1998-04-10",2.7388
"1998-04-20",2.7542
"1998-05-01",2.76
"1998-05-10",2.725
"1998-05-20",2.5898
"1998-06-01",2.343
"1998-06-10",2.1117
"1998-06-20",1.8916
"1998-07-01",1.6616
"1998-07-10",1.834
"1998-07-20",1.8805
"1998-08-01",2.0774
"1998-08-10",1.8904
"1998-08-20",1.7613
"1998-09-01",1.5293
"1998-09-10",1.4029
"1998-09-20",1.2452
"1998-10-01",1.0062
"1998-10-10",0.4864
"1998-10-20",-0.0698
"1998-11-01",0.7114
"1998-11-10",1.6341
"1998-11-20",2.2087
"1998-12-01",2.3011
"1998-12-10",2.3549
"1998-12-20",2.3776
"1999-01-01",2.1128
"1999-01-10",1.7668
"1999-01-20",1.4058
"1999-02-01",1.0052
"1999-02-10",0.3365
"1999-02-20",-0.7352
"1999-03-01",-1.2638
"1999-03-10",-1.674
"1999-03-20",-1.9469
"1999-04-01",-2.2025
"1999-04-10",-2.1795
"1999-04-20",-2.121
"1999-05-01",-1.9154
"1999-05-10",-1.7608
"1999-05-20",-1.6226
"1999-06-01",-1.5324
"1999-06-10",-1.549
"1999-06-20",-1.4192
"1999-07-01",-1.3675
"1999-07-10",-1.1752
"1999-07-20",-0.8905
"1999-08-01",-0.0143
"1999-08-10",0.6153
"1999-08-20",1.3021
"1999-09-01",1.6866
"1999-09-10",1.8695
"1999-09-20",1.9259
"1999-10-01",1.839
"1999-10-10",1.7222
"1999-10-20",1.4988
"1999-11-01",1.134
"1999-11-10",0.8266
"1999-11-20",0.1643
"1999-12-01",-1.1702
"1999-12-10",-1.4806
"1999-12-20",-1.6941
"2000-01-01",-1.8529
"2000-01-10",-1.9917
"2000-01-20",-2.1641
"2000-02-01",-2.2629
"2000-02-10",-2.4334
"2000-02-20",-2.5413
"2000-03-01",-2.6804
"2000-03-10",-2.6733
"2000-03-20",-2.6813
"2000-04-01",-2.2267
"2000-04-10",-1.8282
"2000-04-20",-1.3723
"2000-05-01",-1.5259
"2000-05-10",-1.6919
"2000-05-20",-1.8529
"2000-06-01",-1.9875
"2000-06-10",-2.0937
"2000-06-20",-2.0951
"2000-07-01",-2.02
"2000-07-10",-1.874
"2000-07-20",-1.8826
"2000-08-01",-2.0816
"2000-08-10",-2.3877
"2000-08-20",-2.5997
"2000-09-01",-2.631
"2000-09-10",-2.6635
"2000-09-20",-2.7423
"2000-10-01",-2.8844
"2000-10-10",-2.7725
"2000-10-20",-2.5645
"2000-11-01",-1.986
"2000-11-10",-1.4882
"2000-11-20",-0.9831
"2000-12-01",-0.6711
"2000-12-10",-0.5566
"2000-12-20",-0.6421
"2001-01-01",-0.7823
"2001-01-10",-0.8862
"2001-01-20",-0.8642
"2001-02-01",-0.768
"2001-02-10",-0.6122
"2001-02-20",-0.438
"2001-03-01",-0.3687
"2001-03-10",-0.3805
"2001-03-20",-0.3611
"2001-04-01",-0.4555
"2001-04-10",-0.5197
"2001-04-20",-0.6059
"2001-05-01",-0.5808
"2001-05-10",-0.6378
"2001-05-20",-0.5155
"2001-06-01",-0.4612
"2001-06-10",-0.4189
"2001-06-20",-0.6436
"2001-07-01",-0.7245
"2001-07-10",-0.6468
"2001-07-20",-0.5699
"2001-08-01",-0.6672
"2001-08-10",-0.5032
"2001-08-20",-0.2339
"2001-09-01",0.0874
"2001-09-10",-0.4015
"2001-09-20",-0.5538
"2001-10-01",-0.8161
"2001-10-10",-0.9046
"2001-10-20",-1.1303
"2001-11-01",-1.3522
"2001-11-10",-1.4921
"2001-11-20",-1.64
"2001-12-01",-1.6644
"2001-12-10",-1.7191
"2001-12-20",-1.7261
"2002-01-01",-1.7106
"2002-01-10",-1.7027
"2002-01-20",-1.7353
"2002-02-01",-1.8288
"2002-02-10",-1.9618
"2002-02-20",-2.0881
"2002-03-01",-2.3168
"2002-03-10",-2.4661
"2002-03-20",-2.6298
"2002-04-01",-2.7796
"2002-04-10",-2.8974
"2002-04-20",-2.96
"2002-05-01",-2.985
"2002-05-10",-3.0842
"2002-05-20",-3.1831
"2002-06-01",-3.2502
"2002-06-10",-3.3022
"2002-06-20",-3.3391
"2002-07-01",-3.3753
"2002-07-10",-3.3123
"2002-07-20",-3.2922
"2002-08-01",-3.2306
"2002-08-10",-3.2006
"2002-08-20",-3.2522
"2002-09-01",-3.3822
"2002-09-10",-3.0913
"2002-09-20",-2.6245
"2002-10-01",-2.1443
"2002-10-10",-2.1845
"2002-10-20",-2.2031
"2002-11-01",-1.9818
"2002-11-10",-1.6611
"2002-11-20",-1.4771
"2002-12-01",-1.4624
"2002-12-10",-1.4141
"2002-12-20",-1.2884
"2003-01-01",-1.1132
"2003-01-10",-1.1357
"2003-01-20",-1.2254
"2003-02-01",-1.4275
"2003-02-10",-1.6689
"2003-02-20",-1.7069
"2003-03-01",-1.5182
"2003-03-10",-1.2919
"2003-03-20",-1.0788
"2003-04-01",-1.0436
"2003-04-10",-1.0513
"2003-04-20",-1.214
"2003-05-01",-1.3645
"2003-05-10",-1.4516
"2003-05-20",-1.5641
"2003-06-01",-1.6709
"2003-06-10",-1.7769
"2003-06-20",-1.8102
"2003-07-01",-1.8482
"2003-07-10",-1.9479
"2003-07-20",-2.1524
"2003-08-01",-2.3429
"2003-08-10",-2.4292
"2003-08-20",-2.4034
"2003-09-01",-2.3483
"2003-09-10",-2.0975
"2003-09-20",-1.9779
"2003-10-01",-1.959
"2003-10-10",-2.028
"2003-10-20",-2.047
"2003-11-01",-2.0917
"2003-11-10",-2.2716
"2003-11-20",-2.2536
"2003-12-01",-2.2022
"2003-12-10",-2.1155
"2003-12-20",-2.2443
"2004-01-01",-2.3145
"2004-01-10",-2.4086
"2004-01-20",-2.4505
"2004-02-01",-2.4656
"2004-02-10",-2.4256
"2004-02-20",-2.4688
"2004-03-01",-2.4004
"2004-03-10",-2.3546
"2004-03-20",-2.2938
"2004-04-01",-2.418
"2004-04-10",-2.147
"2004-04-20",-1.8495
"2004-05-01",-1.4669
"2004-05-10",-1.5626
"2004-05-20",-1.6777
"2004-06-01",-1.8134
"2004-06-10",-1.9404
"2004-06-20",-2.0319
"2004-07-01",-2.0338
"2004-07-10",-2.089
"2004-07-20",-2.0979
"2004-08-01",-2.2375
"2004-08-10",-2.3109
"2004-08-20",-2.4603
"2004-09-01",-2.6148
"2004-09-10",-2.7661
"2004-09-20",-2.8622
"2004-10-01",-2.7468
"2004-10-10",-2.6707
"2004-10-20",-2.568
"2004-11-01",-2.5651
"2004-11-10",-2.5268
"2004-11-20",-2.473
"2004-12-01",-2.3371
"2004-12-10",-2.1707
"2004-12-20",-2.13
"2005-01-01",-2.0711
"2005-01-10",-1.8727
"2005-01-20",-1.6134
"2005-02-01",-1.4388
"2005-02-10",-1.3783
"2005-02-20",-0.6816
"2005-03-01",0.9046
"2005-03-10",1.7999
"2005-03-20",2.1092
"2005-04-01",2.3208
"2005-04-10",2.3862
"2005-04-20",2.2572
"2005-05-01",2.2867
"2005-05-10",2.3559
"2005-05-20",2.4375
"2005-06-01",2.2596
"2005-06-10",2.0418
"2005-06-20",1.9088
"2005-07-01",1.789
"2005-07-10",1.5978
"2005-07-20",1.2714
"2005-08-01",0.8625
"2005-08-10",0.5753
"2005-08-20",0.6858
"2005-09-01",0.7308
"2005-09-10",0.7473
"2005-09-20",0.2376
"2005-10-01",-0.5273
"2005-10-10",-1.0417
"2005-10-20",-1.1332
"2005-11-01",-1.2152
"2005-11-10",-1.3985
"2005-11-20",-1.6224
"2005-12-01",-1.8573
"2005-12-10",-2.0528
"2005-12-20",-2.2412
"2006-01-01",-2.4607
"2006-01-10",-2.7271
"2006-01-20",-3.0338
"2006-02-01",-3.2219
"2006-02-10",-3.4037
"2006-02-20",-3.5924
"2006-03-01",-3.8171
"2006-03-10",-3.9054
"2006-03-20",-3.7729
"2006-04-01",-3.5862
"2006-04-10",-3.4466
"2006-04-20",-3.48
"2006-05-01",-3.562
"2006-05-10",-3.6466
"2006-05-20",-3.7065
"2006-06-01",-3.7416
"2006-06-10",-3.6815
"2006-06-20",-3.6131
"2006-07-01",-3.502
"2006-07-10",-3.165
"2006-07-20",-2.925
"2006-08-01",-2.5013
"2006-08-10",-2.2321
"2006-08-20",-1.7638
"2006-09-01",-1.4541
"2006-09-10",-1.3059
"2006-09-20",-1.1632
"2006-10-01",-1.1477
"2006-10-10",-0.7215
"2006-10-20",0.2033
"2006-11-01",1.3597
"2006-11-10",1.2554
"2006-11-20",1.0061
"2006-12-01",0.7354
"2006-12-10",0.4863
"2006-12-20",0.3441
"2007-01-01",0.2351
"2007-01-10",0.1104
"2007-01-20",-0.0358
"2007-02-01",-0.1494
"2007-02-10",-0.2875
"2007-02-20",-0.2082
"2007-03-01",-0.3313
"2007-03-10",-0.4019
"2007-03-20",-1.0508
"2007-04-01",-1.3092
"2007-04-10",-1.3974
"2007-04-20",-1.3058
"2007-05-01",-1.2911
"2007-05-10",-1.1451
"2007-05-20",-0.9042
"2007-06-01",-0.4101
"2007-06-10",-0.1973
"2007-06-20",-0.2665
"2007-07-01",-0.4101
"2007-07-10",-0.5251
"2007-07-20",-0.654
"2007-08-01",-0.3967
"2007-08-10",0.2976
"2007-08-20",0.8664
"2007-09-01",0.9558
"2007-09-10",0.7057
"2007-09-20",0.0587
"2007-10-01",-0.2001
"2007-10-10",-0.4077
"2007-10-20",-0.4662
"2007-11-01",-0.7874
"2007-11-10",-1.0554
"2007-11-20",-1.3062
"2007-12-01",-1.4309
"2007-12-10",-1.2125
"2007-12-20",-0.5818
"2008-01-01",-0.002
"2008-01-10",0.7437
"2008-01-20",1.0592
"2008-02-01",1.3937
"2008-02-10",1.6163
"2008-02-20",1.8544
"2008-03-01",2.0404
"2008-03-10",2.0427
"2008-03-20",1.9607
"2008-04-01",1.6948
"2008-04-10",1.368
"2008-04-20",1.0932
"2008-05-01",0.6765
"2008-05-10",0.0167
"2008-05-20",-0.4979
"2008-06-01",-0.3942
"2008-06-10",-0.2198
"2008-06-20",0.0496
"2008-07-01",0.0354
"2008-07-10",-0.0481
"2008-07-20",0.3881
"2008-08-01",0.9267
"2008-08-10",1.2663
"2008-08-20",1.1472
"2008-09-01",0.8685
"2008-09-10",0.3753
"2008-09-20",0.0362
"2008-10-01",-0.3754
"2008-10-10",-0.5946
"2008-10-20",-0.7817
"2008-11-01",-0.9569
"2008-11-10",-1.2157
"2008-11-20",-1.3961
"2008-12-01",-1.4312
"2008-12-10",-1.4204
"2008-12-20",-1.1323
"2009-01-01",-0.7959
"2009-01-10",-0.205
"2009-01-20",0.1429
"2009-02-01",0.099
"2009-02-10",0.0481
"2009-02-20",-0.1297
"2009-03-01",-0.4943
"2009-03-10",-0.8669
"2009-03-20",-1.1313
"2009-04-01",-1.2692
"2009-04-10",-1.3389
"2009-04-20",-1.3129
"2009-05-01",-1.3386
"2009-05-10",-1.345
"2009-05-20",-1.4979
"2009-06-01",-1.3273
"2009-06-10",-0.9313
"2009-06-20",-0.1911
"2009-07-01",0.3572
"2009-07-10",0.3182
"2009-07-20",0.2097
"2009-08-01",0.0424
"2009-08-10",-0.4829
"2009-08-20",-1.0095
"2009-09-01",-1.5153
"2009-09-10",-1.6347
"2009-09-20",-1.6198
"2009-10-01",-1.5319
"2009-10-10",-1.6474
"2009-10-20",-1.8155
"2009-11-01",-1.9164
"2009-11-10",-2.0127
"2009-11-20",-2.0616
"2009-12-01",-2.1446
"2009-12-10",-2.0382
"2009-12-20",-1.977
"2010-01-01",-1.8308
"2010-01-10",-1.8601
"2010-01-20",-1.7845
"2010-02-01",-1.3378
"2010-02-10",-0.7709
"2010-02-20",0.7112
"2010-03-01",1.0941
"2010-03-10",1.3795
"2010-03-20",1.4141
"2010-04-01",1.2155
"2010-04-10",0.9329
"2010-04-20",0.4971
"2010-05-01",0.1559
"2010-05-10",0.0075
"2010-05-20",-0.1365
"2010-06-01",-0.3157
"2010-06-10",-0.578
"2010-06-20",-0.8029
"2010-07-01",-0.9849
"2010-07-10",-1.1027
"2010-07-20",-1.3319
"2010-08-01",-1.1329
"2010-08-10",-0.6184
"2010-08-20",0.2647
"2010-09-01",0.0556
"2010-09-10",-0.3798
"2010-09-20",-0.9035
"2010-10-01",-0.9688
"2010-10-10",-0.9131
"2010-10-20",-0.6828
"2010-11-01",-0.8234
"2010-11-10",-0.9308
"2010-11-20",-1.0473
"2010-12-01",-1.2364
"2010-12-10",-1.4358
"2010-12-20",-1.4396
"2011-01-01",-1.2642
"2011-01-10",-1.0505
"2011-01-20",-0.9956
"2011-02-01",-1.1382
"2011-02-10",-1.2145
"2011-02-20",-1.2899
"2011-03-01",-1.3779
"2011-03-10",-1.4322
"2011-03-20",-1.6207
"2011-04-01",-1.8065
"2011-04-10",-1.9748
"2011-04-20",-2.0617
"2011-05-01",-2.0599
"2011-05-10",-2.1292
"2011-05-20",-2.0488
"2011-06-01",-1.9969
"2011-06-10",-1.9396
"2011-06-20",-2.0255
"2011-07-01",-2.1213
"2011-07-10",-2.1062
"2011-07-20",-1.9266
"2011-08-01",-1.7012
"2011-08-10",-1.5023
"2011-08-20",-1.4079
"2011-09-01",-1.3979
"2011-09-10",-1.3556
"2011-09-20",-1.1517
"2011-10-01",-0.9135
"2011-10-10",-0.4203
"2011-10-20",-0.3269
"2011-11-01",-0.0083
"2011-11-10",-0.0752
"2011-11-20",-0.0839
"2011-12-01",-0.0904
"2011-12-10",-0.0604
"2011-12-20",0.401
"2012-01-01",0.7316
"2012-01-10",0.6824
"2012-01-20",0.3606
"2012-02-01",-0.0199
"2012-02-10",-0.5215
"2012-02-20",-0.7929
"2012-03-01",-0.914
"2012-03-10",-0.9555
"2012-03-20",-1.0801
"2012-04-01",-1.2745
"2012-04-10",-1.5323
"2012-04-20",-1.7287
"2012-05-01",-1.8331
"2012-05-10",-1.8997
"2012-05-20",-2.0111
"2012-06-01",-2.1346
"2012-06-10",-2.2447
"2012-06-20",-2.3193
"2012-07-01",-2.3687
"2012-07-10",-2.272
"2012-07-20",-2.1442
"2012-08-01",-1.9021
"2012-08-10",-1.7072
"2012-08-20",-1.6314
"2012-09-01",-1.7618
"2012-09-10",-1.9916
"2012-09-20",-2.108
"2012-10-01",-2.1979
"2012-10-10",-2.3415
"2012-10-20",-2.5369
"2012-11-01",-2.7668
"2012-11-10",-2.8243
"2012-11-20",-2.8892
"2012-12-01",-2.9708
"2012-12-10",-3.165
"2012-12-20",-3.1654
"2013-01-01",-3.0739
"2013-01-10",-2.9633
"2013-01-20",-3.0008
"2013-02-01",-2.8392
"2013-02-10",-2.6556
"2013-02-20",-2.4903
"2013-03-01",-2.5455
"2013-03-10",-2.5757
"2013-03-20",-2.6915
"2013-04-01",-2.8549
"2013-04-10",-2.9792
"2013-04-20",-3.0353
"2013-05-01",-3.0577
"2013-05-10",-3.1228
"2013-05-20",-3.1833
"2013-06-01",-3.2178
"2013-06-10",-3.2715
"2013-06-20",-3.28
"2013-07-01",-3.2937
"2013-07-10",-3.2164
"2013-07-20",-2.9625
"2013-08-01",-2.6548
"2013-08-10",-2.2404
"2013-08-20",-2.0364
"2013-09-01",-1.83
"2013-09-10",-1.5816
"2013-09-20",-1.1512
"2013-10-01",-0.4227
"2013-10-10",0.064
"2013-10-20",-0.0428
"2013-11-01",-0.1716
"2013-11-10",-0.2747
"2013-11-20",-0.3138
"2013-12-01",-0.1253
"2013-12-10",0.4644
"2013-12-20",0.8673
"2014-01-01",0.6696
"2014-01-10",0.3882
"2014-01-20",-0.0371
"2014-02-01",-1.007
"2014-02-10",-1.3911
"2014-02-20",-1.6834
"2014-03-01",-1.9184
"2014-03-10",-1.94
"2014-03-20",-1.9372
"2014-04-01",-1.9466
"2014-04-10",-2.1898
"2014-04-20",-2.3759
"2014-05-01",-2.4516
"2014-05-10",-2.4777
"2014-05-20",-2.5028
"2014-06-01",-2.5056
"2014-06-10",-2.5177
"2014-06-20",-2.5066
"2014-07-01",-2.5897
"2014-07-10",-2.5839
"2014-07-20",-2.331
"2014-08-01",-2.1096
"2014-08-10",-1.9348
"2014-08-20",-1.8938
"2014-09-01",-1.8676
"2014-09-10",-1.919
"2014-09-20",-2.0874
"2014-10-01",-1.9829
"2014-10-10",-1.7899
"2014-10-20",-1.565
"2014-11-01",-1.643
"2014-11-10",-1.7827
"2014-11-20",-1.9442
"2014-12-01",-2.1321
"2014-12-10",-2.0477
"2014-12-20",-1.932
"2015-01-01",-1.8115
"2015-01-10",-1.9443
"2015-01-20",-1.9573
"2015-02-01",-1.7308
"2015-02-10",-1.5399
"2015-02-20",-1.5899
"2015-03-01",-1.6045
"2015-03-10",-1.5308
"2015-03-20",-1.3869
"2015-04-01",-1.5005
"2015-04-10",-1.734
"2015-04-20",-1.9632
"2015-05-01",-1.9053
"2015-05-10",-1.5413
"2015-05-20",-0.9942
"2015-06-01",-0.235
"2015-06-10",0.1709
"2015-06-20",0.5741
"2015-07-01",0.8224
"2015-07-10",1.4738
"2015-07-20",1.8168
"2015-08-01",2.0307
"2015-08-10",1.937
"2015-08-20",1.6936
"2015-09-01",1.5406
"2015-09-10",1.3125
"2015-09-20",0.9962
"2015-10-01",0.4496
"2015-10-10",0.2627
"2015-10-20",0.3287
"2015-11-01",0.4469
"2015-11-10",0.5522
"2015-11-20",0.6916
"2015-12-01",0.7155
"2015-12-10",0.517
"2015-12-20",0.2981
"2016-01-01",0.2711
"2016-01-10",0.4321
"2016-01-20",0.5558
"2016-02-01",0.5225
"2016-02-10",0.3583
"2016-02-20",-0.0834
"2016-03-01",-0.6098
"2016-03-10",-1.0318
"2016-03-20",-1.3345
"2016-04-01",-1.5866
"2016-04-10",-1.7526
"2016-04-20",-1.6917
"2016-05-01",-1.5778
"2016-05-10",-1.1725
"2016-05-20",-0.4798
"2016-06-01",0.4964
"2016-06-10",0.5408
"2016-06-20",0.3725
"2016-07-01",0.2313
"2016-07-10",0.1376
"2016-07-20",-0.0998
"2016-08-01",-0.4996
"2016-08-10",-0.3157
"2016-08-20",-0.182
"2016-09-01",-0.0519
"2016-09-10",-0.4997
"2016-09-20",-0.8364
"2016-10-01",-0.9127
"2016-10-10",-0.7317
"2016-10-20",-0.5299
"2016-11-01",-0.709
"2016-11-10",-0.7576
"2016-11-20",-0.8417
"2016-12-01",-0.6848
"2016-12-10",-0.7734
"2016-12-20",-0.6631
"2017-01-01",-0.5375
"2017-01-10",-0.3092
"2017-01-20",0.026
"2017-02-01",0.2717
"2017-02-10",0.4267
"2017-02-20",0.3836
"2017-03-01",0.499
"2017-03-10",0.6015
"2017-03-20",0.4275
"2017-04-01",0.1985
"2017-04-10",0.1024
"2017-04-20",0.1219
"2017-05-01",-1.3602
"2017-05-10",-1.4077
"2017-05-20",-1.327
"2017-06-01",0.6378
"2017-06-10",0.4744
"2017-06-20",0.2646
"2017-07-01",0.05
"2017-07-10",-0.2009
"2017-07-20",-0.3127
"2017-08-01",0.1779
"2017-08-10",0.2078
"2017-08-20",0.3011
"2017-09-01",-0.2397
"2017-09-10",-0.5744
"2017-09-20",-0.8873
"2017-10-01",-0.8344
"2017-10-10",-0.6129
"2017-10-20",-0.4172
"2017-11-01",-0.8652
"2017-11-10",-1.1216
"2017-11-20",-1.3943
"2017-12-01",-1.6932
"2017-12-10",-1.9759
"2017-12-20",-2.2714
"2018-01-01",-2.527
"2018-01-10",-2.7403
"2018-01-20",-2.8844
"2018-02-01",-2.989
"2018-02-10",-3.1932
"2018-02-20",-3.217
"2018-03-01",-3.1562
"2018-03-10",-3.0427
"2018-03-20",-3.0019
"2018-04-01",-3.0128
"2018-04-10",-3.0723
"2018-04-20",-3.233
"2018-05-01",-3.3845
"2018-05-10",-3.4265
"2018-05-20",-3.4722
"2018-06-01",-3.4862
"2018-06-10",-3.5522
"2018-06-20",-3.4078
"2018-07-01",-3.277
"2018-07-10",-3.1602
"2018-07-20",-2.8982
"2018-08-01",-2.7466
"2018-08-10",-2.7033
"2018-08-20",-2.9528
"2018-09-01",-3.0443
"2018-09-10",-2.9595
"2018-09-20",-2.8786
"2018-10-01",-2.8989
"2018-10-10",-2.8039
"2018-10-20",-2.6026
"2018-11-01",-2.2777
"2018-11-10",-2.1915
"2018-11-20",-2.2451
"2018-12-01",-2.4019
"2018-12-10",-2.4563
"2018-12-20",-2.5519
"2019-01-01",-2.495
"2019-01-10",-2.4908
"2019-01-20",-2.2541
"2019-02-01",-2.1824
"2019-02-10",-2.1487
"2019-02-20",-1.9083
"2019-03-01",-1.5196
"2019-03-10",-1.1352
"2019-03-20",-0.6198
"2019-04-01",-0.3114
"2019-04-10",-0.0425
"2019-04-20",-0.1613
"2019-05-01",-0.251
"2019-05-10",-0.0187
"2019-05-20",0.4205
"2019-06-01",0.8442