"DateTime","(mm) Precipitation (CHIRPS) at 4005, 1980-01-01 to 1990-01-01"
"1981-01-01",0
"1981-01-02",0.4051
"1981-01-03",0
"1981-01-04",0.0113
"1981-01-05",0
"1981-01-06",0
"1981-01-07",0.3652
"1981-01-08",0.0058
"1981-01-09",0
"1981-01-10",0
"1981-01-11",1.2686
"1981-01-12",6.0061
"1981-01-13",1.1307
"1981-01-14",0
"1981-01-15",0
"1981-01-16",0
"1981-01-17",0
"1981-01-18",0
"1981-01-19",0
"1981-01-20",0
"1981-01-21",0
"1981-01-22",0
"1981-01-23",0
"1981-01-24",0
"1981-01-25",0
"1981-01-26",0
"1981-01-27",0.1963
"1981-01-28",1.5044
"1981-01-29",0
"1981-01-30",0.1766
"1981-01-31",0
"1981-02-01",0
"1981-02-02",0
"1981-02-03",0
"1981-02-04",0.001
"1981-02-05",0
"1981-02-06",0.0997
"1981-02-07",0.2342
"1981-02-08",0.0007
"1981-02-09",8.7585
"1981-02-10",0.0483
"1981-02-11",0.1262
"1981-02-12",0
"1981-02-13",0.3511
"1981-02-14",0.0197
"1981-02-15",0.5727
"1981-02-16",0.0114
"1981-02-17",0.002
"1981-02-18",0.033
"1981-02-19",0.0487
"1981-02-20",1.8828
"1981-02-21",0
"1981-02-22",0
"1981-02-23",0
"1981-02-24",0
"1981-02-25",0.0004
"1981-02-26",0.548
"1981-02-27",0.2334
"1981-02-28",0.1531
"1981-03-01",4.3418
"1981-03-02",5.239
"1981-03-03",4.2599
"1981-03-04",0.2098
"1981-03-05",0.0587
"1981-03-06",5.1552
"1981-03-07",0.3531
"1981-03-08",0
"1981-03-09",0
"1981-03-10",0
"1981-03-11",0.0052
"1981-03-12",0.1927
"1981-03-13",0.0588
"1981-03-14",5.9769
"1981-03-15",0
"1981-03-16",0
"1981-03-17",0
"1981-03-18",0
"1981-03-19",0
"1981-03-20",2.8816
"1981-03-21",0.0055
"1981-03-22",0
"1981-03-23",0.0021
"1981-03-24",0.2811
"1981-03-25",0.3488
"1981-03-26",4.5295
"1981-03-27",0.0059
"1981-03-28",0.0612
"1981-03-29",0.7071
"1981-03-30",0
"1981-03-31",0
"1981-04-01",0
"1981-04-02",0.0427
"1981-04-03",0.2645
"1981-04-04",0.0403
"1981-04-05",0
"1981-04-06",0
"1981-04-07",0
"1981-04-08",0
"1981-04-09",0
"1981-04-10",0
"1981-04-11",0.0097
"1981-04-12",2.0501
"1981-04-13",0.8223
"1981-04-14",0.3197
"1981-04-15",4.0626
"1981-04-16",0.7735
"1981-04-17",0
"1981-04-18",1.6685
"1981-04-19",0.9983
"1981-04-20",0.0522
"1981-04-21",0.0046
"1981-04-22",0.0105
"1981-04-23",0.0008
"1981-04-24",0
"1981-04-25",0
"1981-04-26",0.029
"1981-04-27",0.7759
"1981-04-28",0.3356
"1981-04-29",0.4763
"1981-04-30",0.1184
"1981-05-01",0.2248
"1981-05-02",0.5107
"1981-05-03",0.1674
"1981-05-04",0
"1981-05-05",0.0642
"1981-05-06",0
"1981-05-07",0.116
"1981-05-08",0
"1981-05-09",0
"1981-05-10",0
"1981-05-11",0.0956
"1981-05-12",0.03
"1981-05-13",0.0074
"1981-05-14",0
"1981-05-15",2.0303
"1981-05-16",0.7876
"1981-05-17",0
"1981-05-18",0
"1981-05-19",1.4102
"1981-05-20",5.4191
"1981-05-21",0
"1981-05-22",0
"1981-05-23",0.0018
"1981-05-24",0.002
"1981-05-25",0.005
"1981-05-26",0.5715
"1981-05-27",0.6951
"1981-05-28",2.7689
"1981-05-29",2.4547
"1981-05-30",0.9513
"1981-05-31",0.8614
"1981-06-01",2.0662
"1981-06-02",0.1229
"1981-06-03",2.3725
"1981-06-04",0.0103
"1981-06-05",0
"1981-06-06",0
"1981-06-07",0
"1981-06-08",0
"1981-06-09",0
"1981-06-10",0
"1981-06-11",0
"1981-06-12",0
"1981-06-13",0
"1981-06-14",0
"1981-06-15",0
"1981-06-16",0
"1981-06-17",0
"1981-06-18",0.0057
"1981-06-19",0.0008
"1981-06-20",0
"1981-06-21",0
"1981-06-22",0
"1981-06-23",0.0236
"1981-06-24",0
"1981-06-25",0.5823
"1981-06-26",0.3607
"1981-06-27",0.675
"1981-06-28",1.2835
"1981-06-29",0.4942
"1981-06-30",1.1226
"1981-07-01",7.0449
"1981-07-02",0
"1981-07-03",0
"1981-07-04",0
"1981-07-05",0
"1981-07-06",0
"1981-07-07",0.0728
"1981-07-08",0.8936
"1981-07-09",3.4871
"1981-07-10",2.5934
"1981-07-11",1.2673
"1981-07-12",6.5295
"1981-07-13",4.467
"1981-07-14",2.4967
"1981-07-15",4.4282
"1981-07-16",4.3601
"1981-07-17",0.6198
"1981-07-18",0.4697
"1981-07-19",0
"1981-07-20",0
"1981-07-21",0.1088
"1981-07-22",0.5434
"1981-07-23",2.8321
"1981-07-24",0.7016
"1981-07-25",0.0842
"1981-07-26",1.1364
"1981-07-27",0
"1981-07-28",0
"1981-07-29",0
"1981-07-30",0.1799
"1981-07-31",0.3392
"1981-08-01",0.2448
"1981-08-02",0.4772
"1981-08-03",0.0075
"1981-08-04",0
"1981-08-05",0.3878
"1981-08-06",0.0036
"1981-08-07",0.1282
"1981-08-08",0.2275
"1981-08-09",0.7569
"1981-08-10",14.6179
"1981-08-11",4.2605
"1981-08-12",1.2597
"1981-08-13",0.3066
"1981-08-14",0.2186
"1981-08-15",0.6795
"1981-08-16",0.0849
"1981-08-17",0.0447
"1981-08-18",0.003
"1981-08-19",0.1112
"1981-08-20",0
"1981-08-21",0.0569
"1981-08-22",0.5162
"1981-08-23",0
"1981-08-24",0
"1981-08-25",0.0036
"1981-08-26",0
"1981-08-27",0.0008
"1981-08-28",0.0355
"1981-08-29",0.0652
"1981-08-30",0.0086
"1981-08-31",6.5386
"1981-09-01",1.1541
"1981-09-02",0.1668
"1981-09-03",1.123
"1981-09-04",0.9208
"1981-09-05",1.2595
"1981-09-06",1.6808
"1981-09-07",0
"1981-09-08",0.127
"1981-09-09",0.5966
"1981-09-10",1.7991
"1981-09-11",0.0138
"1981-09-12",0
"1981-09-13",0.0093
"1981-09-14",0.2119
"1981-09-15",0.6179
"1981-09-16",0.171
"1981-09-17",1.1436
"1981-09-18",1.5444
"1981-09-19",0.1151
"1981-09-20",0
"1981-09-21",0
"1981-09-22",0
"1981-09-23",5.4483
"1981-09-24",0.5947
"1981-09-25",0.0137
"1981-09-26",0.1427
"1981-09-27",0
"1981-09-28",0.0533
"1981-09-29",2.9967
"1981-09-30",5.6792
"1981-10-01",1.8528
"1981-10-02",20.1112
"1981-10-03",4.0949
"1981-10-04",0.001
"1981-10-05",0.0134
"1981-10-06",0
"1981-10-07",0.0154
"1981-10-08",0
"1981-10-09",0
"1981-10-10",0
"1981-10-11",0.0162
"1981-10-12",0.0148
"1981-10-13",0
"1981-10-14",0
"1981-10-15",0.0197
"1981-10-16",0
"1981-10-17",0
"1981-10-18",0
"1981-10-19",0
"1981-10-20",0
"1981-10-21",0
"1981-10-22",0
"1981-10-23",0
"1981-10-24",0.649
"1981-10-25",0
"1981-10-26",0
"1981-10-27",3.1239
"1981-10-28",2.3707
"1981-10-29",0
"1981-10-30",0
"1981-10-31",0
"1981-11-01",0
"1981-11-02",0
"1981-11-03",0
"1981-11-04",0
"1981-11-05",0
"1981-11-06",0.1346
"1981-11-07",1.6339
"1981-11-08",0
"1981-11-09",0
"1981-11-10",0
"1981-11-11",0
"1981-11-12",0
"1981-11-13",0.5122
"1981-11-14",3.5514
"1981-11-15",1.3194
"1981-11-16",0
"1981-11-17",0.0623
"1981-11-18",0.3184
"1981-11-19",0.0911
"1981-11-20",0
"1981-11-21",0
"1981-11-22",0.122
"1981-11-23",0.0018
"1981-11-24",0
"1981-11-25",0.3969
"1981-11-26",0
"1981-11-27",7.7311
"1981-11-28",0.6179
"1981-11-29",2.2799
"1981-11-30",0
"1981-12-01",0.0015
"1981-12-02",0
"1981-12-03",0
"1981-12-04",0
"1981-12-05",0.2077
"1981-12-06",0
"1981-12-07",0
"1981-12-08",0
"1981-12-09",0
"1981-12-10",0
"1981-12-11",1.6918
"1981-12-12",0.0983
"1981-12-13",2.5817
"1981-12-14",0.0067
"1981-12-15",0
"1981-12-16",0.4394
"1981-12-17",0
"1981-12-18",0.0013
"1981-12-19",0.0449
"1981-12-20",0
"1981-12-21",0.1343
"1981-12-22",0.0256
"1981-12-23",0.0182
"1981-12-24",0
"1981-12-25",0.1136
"1981-12-26",0.1243
"1981-12-27",1.9402
"1981-12-28",0.1202
"1981-12-29",0
"1981-12-30",1.2824
"1981-12-31",0.0837
"1982-01-01",4.7671
"1982-01-02",1.0316
"1982-01-03",0.3197
"1982-01-04",1.962
"1982-01-05",3.1431
"1982-01-06",0
"1982-01-07",0.0011
"1982-01-08",0
"1982-01-09",0
"1982-01-10",0
"1982-01-11",2.2068
"1982-01-12",0.8891
"1982-01-13",0.0354
"1982-01-14",0
"1982-01-15",0
"1982-01-16",0.111
"1982-01-17",0.2241
"1982-01-18",0.2785
"1982-01-19",0.3577
"1982-01-20",0.0004
"1982-01-21",1.8101
"1982-01-22",3.1825
"1982-01-23",0
"1982-01-24",0.0553
"1982-01-25",0
"1982-01-26",0
"1982-01-27",0
"1982-01-28",2.5243
"1982-01-29",0.7967
"1982-01-30",0.0108
"1982-01-31",0.0655
"1982-02-01",0.0039
"1982-02-02",0
"1982-02-03",0.0456
"1982-02-04",1.8649
"1982-02-05",0
"1982-02-06",0
"1982-02-07",0.0193
"1982-02-08",1.2464
"1982-02-09",1.506
"1982-02-10",1.6507
"1982-02-11",8.3481
"1982-02-12",0
"1982-02-13",0
"1982-02-14",0.0499
"1982-02-15",0.0234
"1982-02-16",0.0474
"1982-02-17",0.1619
"1982-02-18",0.3322
"1982-02-19",0
"1982-02-20",0.6754
"1982-02-21",0
"1982-02-22",0.0164
"1982-02-23",1.0811
"1982-02-24",6.6634
"1982-02-25",4.1439
"1982-02-26",0
"1982-02-27",0
"1982-02-28",0.0345
"1982-03-01",1.3261
"1982-03-02",3.4118
"1982-03-03",0.0275
"1982-03-04",0
"1982-03-05",0.0218
"1982-03-06",0.1031
"1982-03-07",0.0023
"1982-03-08",1.1803
"1982-03-09",0.1121
"1982-03-10",0.7981
"1982-03-11",2.7726
"1982-03-12",6.1116
"1982-03-13",1.636
"1982-03-14",0.6759
"1982-03-15",0.3947
"1982-03-16",0
"1982-03-17",0
"1982-03-18",2.2058
"1982-03-19",0.0581
"1982-03-20",0
"1982-03-21",0
"1982-03-22",0
"1982-03-23",0
"1982-03-24",0
"1982-03-25",0.1411
"1982-03-26",7.2882
"1982-03-27",0.1652
"1982-03-28",0.2495
"1982-03-29",1.176
"1982-03-30",0.0032
"1982-03-31",0
"1982-04-01",2.0984
"1982-04-02",0.7045
"1982-04-03",0.8574
"1982-04-04",0.0261
"1982-04-05",0
"1982-04-06",1.2597
"1982-04-07",0.5624
"1982-04-08",0
"1982-04-09",0.0438
"1982-04-10",0.0103
"1982-04-11",0.2679
"1982-04-12",0.6402
"1982-04-13",0.139
"1982-04-14",0
"1982-04-15",0
"1982-04-16",0
"1982-04-17",0
"1982-04-18",0
"1982-04-19",0
"1982-04-20",0
"1982-04-21",0.0127
"1982-04-22",0.6612
"1982-04-23",2.4151
"1982-04-24",0.0099
"1982-04-25",0.0014
"1982-04-26",0
"1982-04-27",0
"1982-04-28",0
"1982-04-29",0
"1982-04-30",0.0894
"1982-05-01",0.333
"1982-05-02",1.6096
"1982-05-03",0.5402
"1982-05-04",3.4117
"1982-05-05",3.3686
"1982-05-06",0.012
"1982-05-07",0
"1982-05-08",0
"1982-05-09",0.1463
"1982-05-10",0
"1982-05-11",0
"1982-05-12",3.1066
"1982-05-13",1.2236
"1982-05-14",0
"1982-05-15",1.5659
"1982-05-16",0.5748
"1982-05-17",0.0193
"1982-05-18",0.1263
"1982-05-19",0.0955
"1982-05-20",0
"1982-05-21",0
"1982-05-22",0.6708
"1982-05-23",0.2484
"1982-05-24",0.2507
"1982-05-25",0.18
"1982-05-26",0
"1982-05-27",3.0466
"1982-05-28",0.2774
"1982-05-29",0
"1982-05-30",0
"1982-05-31",0
"1982-06-01",0
"1982-06-02",0
"1982-06-03",0
"1982-06-04",0
"1982-06-05",0.1065
"1982-06-06",0
"1982-06-07",0.0024
"1982-06-08",0.2029
"1982-06-09",0.0665
"1982-06-10",0.1166
"1982-06-11",0.0148
"1982-06-12",0.1051
"1982-06-13",1.4021
"1982-06-14",0.1047
"1982-06-15",0.0188
"1982-06-16",0
"1982-06-17",0.1215
"1982-06-18",0.4137
"1982-06-19",0.3093
"1982-06-20",0.0901
"1982-06-21",0.3534
"1982-06-22",0.0562
"1982-06-23",0
"1982-06-24",0
"1982-06-25",0.035
"1982-06-26",0
"1982-06-27",0
"1982-06-28",0
"1982-06-29",0.0311
"1982-06-30",0.3512
"1982-07-01",1.4503
"1982-07-02",0
"1982-07-03",0
"1982-07-04",0
"1982-07-05",0.5053
"1982-07-06",0.1048
"1982-07-07",0.0567
"1982-07-08",0.053
"1982-07-09",0.0272
"1982-07-10",0
"1982-07-11",0
"1982-07-12",0
"1982-07-13",0
"1982-07-14",0
"1982-07-15",0
"1982-07-16",0.5838
"1982-07-17",2.4476
"1982-07-18",0.435
"1982-07-19",0.5499
"1982-07-20",0
"1982-07-21",0.1833
"1982-07-22",0.6741
"1982-07-23",3.0389
"1982-07-24",0.0743
"1982-07-25",0.0794
"1982-07-26",2.1882
"1982-07-27",1.9049
"1982-07-28",5.3807
"1982-07-29",5.3742
"1982-07-30",2.0919
"1982-07-31",0.948
"1982-08-01",1.3023
"1982-08-02",7.0319
"1982-08-03",1.2673
"1982-08-04",0.1633
"1982-08-05",0
"1982-08-06",0.0132
"1982-08-07",1.0385
"1982-08-08",1.5045
"1982-08-09",0.5682
"1982-08-10",1.4142
"1982-08-11",0.4629
"1982-08-12",2.5708
"1982-08-13",4.8306
"1982-08-14",1.6328
"1982-08-15",1.8659
"1982-08-16",0.998
"1982-08-17",1.2135
"1982-08-18",0.3979
"1982-08-19",0.0641
"1982-08-20",0.8181
"1982-08-21",7.3955
"1982-08-22",4.0253
"1982-08-23",6.1933
"1982-08-24",5.9934
"1982-08-25",3.7598
"1982-08-26",2.1242
"1982-08-27",1.6425
"1982-08-28",0.7196
"1982-08-29",0.7678
"1982-08-30",3.2333
"1982-08-31",0.8515
"1982-09-01",0.5798
"1982-09-02",0.1334
"1982-09-03",0.3991
"1982-09-04",14.1093
"1982-09-05",4.7408
"1982-09-06",2.7712
"1982-09-07",4.2045
"1982-09-08",1.6393
"1982-09-09",0.1016
"1982-09-10",1.4048
"1982-09-11",0.449
"1982-09-12",0.1044
"1982-09-13",0.0717
"1982-09-14",0
"1982-09-15",0.0993
"1982-09-16",0.5845
"1982-09-17",1.595
"1982-09-18",0.1816
"1982-09-19",0.041
"1982-09-20",0.1584
"1982-09-21",1.1887
"1982-09-22",0.0036
"1982-09-23",0
"1982-09-24",0.6602
"1982-09-25",0.3271
"1982-09-26",0
"1982-09-27",0.1045
"1982-09-28",0
"1982-09-29",0
"1982-09-30",0.9609
"1982-10-01",0.0007
"1982-10-02",0
"1982-10-03",0
"1982-10-04",0.4965
"1982-10-05",0.0955
"1982-10-06",0
"1982-10-07",0
"1982-10-08",0
"1982-10-09",0
"1982-10-10",0
"1982-10-11",0
"1982-10-12",0.0059
"1982-10-13",0
"1982-10-14",0
"1982-10-15",0
"1982-10-16",0
"1982-10-17",0
"1982-10-18",0
"1982-10-19",0
"1982-10-20",0.0033
"1982-10-21",0
"1982-10-22",0.0113
"1982-10-23",0
"1982-10-24",0.7181
"1982-10-25",2.9878
"1982-10-26",4.0146
"1982-10-27",3.3946
"1982-10-28",0.7537
"1982-10-29",0.1147
"1982-10-30",1.7089
"1982-10-31",1.4349
"1982-11-01",0
"1982-11-02",0
"1982-11-03",0
"1982-11-04",0
"1982-11-05",0
"1982-11-06",0.3198
"1982-11-07",0.3498
"1982-11-08",4.2304
"1982-11-09",2.7969
"1982-11-10",0
"1982-11-11",0.4869
"1982-11-12",0.0031
"1982-11-13",0.1669
"1982-11-14",0.3787
"1982-11-15",0
"1982-11-16",4.6582
"1982-11-17",2.4489
"1982-11-18",0.3526
"1982-11-19",0.0388
"1982-11-20",0
"1982-11-21",0.0219
"1982-11-22",0.7237
"1982-11-23",3.1921
"1982-11-24",1.0249
"1982-11-25",0
"1982-11-26",0
"1982-11-27",0
"1982-11-28",0
"1982-11-29",0.0467
"1982-11-30",4.7831
"1982-12-01",6.9178
"1982-12-02",1.1892
"1982-12-03",0
"1982-12-04",0
"1982-12-05",0
"1982-12-06",0
"1982-12-07",0
"1982-12-08",1.3678
"1982-12-09",3.9751
"1982-12-10",3.7274
"1982-12-11",0.9425
"1982-12-12",0
"1982-12-13",0
"1982-12-14",0.0074
"1982-12-15",0
"1982-12-16",0
"1982-12-17",0
"1982-12-18",0
"1982-12-19",0
"1982-12-20",0
"1982-12-21",0
"1982-12-22",0
"1982-12-23",9.2881
"1982-12-24",2.5814
"1982-12-25",0
"1982-12-26",0.0028
"1982-12-27",0
"1982-12-28",0.1426
"1982-12-29",0.0146
"1982-12-30",1.556
"1982-12-31",0
"1983-01-01",0
"1983-01-02",0
"1983-01-03",0
"1983-01-04",0
"1983-01-05",0
"1983-01-06",0
"1983-01-07",1.686
"1983-01-08",0
"1983-01-09",0.0757
"1983-01-10",0.3006
"1983-01-11",0
"1983-01-12",0
"1983-01-13",0.0001
"1983-01-14",0
"1983-01-15",0
"1983-01-16",0
"1983-01-17",0.3354
"1983-01-18",0.3134
"1983-01-19",1.0071
"1983-01-20",1.1386
"1983-01-21",0.0044
"1983-01-22",0
"1983-01-23",0.7654
"1983-01-24",3.5011
"1983-01-25",3.9502
"1983-01-26",0
"1983-01-27",0
"1983-01-28",5.7464
"1983-01-29",1.1927
"1983-01-30",1.2129
"1983-01-31",1.6477
"1983-02-01",0.2185
"1983-02-02",0
"1983-02-03",3.2829
"1983-02-04",6.4277
"1983-02-05",0.3586
"1983-02-06",0.1875
"1983-02-07",0.109
"1983-02-08",6.2942
"1983-02-09",0
"1983-02-10",0
"1983-02-11",0
"1983-02-12",0
"1983-02-13",0.0666
"1983-02-14",1.1246
"1983-02-15",0
"1983-02-16",0.0054
"1983-02-17",0
"1983-02-18",0
"1983-02-19",0.7968
"1983-02-20",0
"1983-02-21",0
"1983-02-22",0
"1983-02-23",0
"1983-02-24",0
"1983-02-25",1.9343
"1983-02-26",0
"1983-02-27",0.3297
"1983-02-28",0.1017
"1983-03-01",5.053
"1983-03-02",4.3605
"1983-03-03",2.5256
"1983-03-04",2.4243
"1983-03-05",0.0479
"1983-03-06",0
"1983-03-07",0.6386
"1983-03-08",0
"1983-03-09",0
"1983-03-10",0
"1983-03-11",0.6608
"1983-03-12",0.3715
"1983-03-13",0.8417
"1983-03-14",1.8402
"1983-03-15",1.1626
"1983-03-16",0
"1983-03-17",0.201
"1983-03-18",4.7405
"1983-03-19",1.9077
"1983-03-20",0.4201
"1983-03-21",1.2555
"1983-03-22",7.4515
"1983-03-23",0.4761
"1983-03-24",0.3016
"1983-03-25",1.3235
"1983-03-26",0.4142
"1983-03-27",0.0418
"1983-03-28",1.7843
"1983-03-29",0.5965
"1983-03-30",0
"1983-03-31",0.0444
"1983-04-01",0
"1983-04-02",0
"1983-04-03",0.2582
"1983-04-04",2.0171
"1983-04-05",0.5155
"1983-04-06",0.6042
"1983-04-07",0.2695
"1983-04-08",0.0751
"1983-04-09",0
"1983-04-10",0
"1983-04-11",0.1046
"1983-04-12",1.2928
"1983-04-13",3.6301
"1983-04-14",0.6334
"1983-04-15",0
"1983-04-16",0
"1983-04-17",0
"1983-04-18",0
"1983-04-19",0.0876
"1983-04-20",2.2399
"1983-04-21",0.2076
"1983-04-22",0.0104
"1983-04-23",0
"1983-04-24",0
"1983-04-25",0
"1983-04-26",0.0506
"1983-04-27",0.0681
"1983-04-28",0.0663
"1983-04-29",0.6727
"1983-04-30",0.2585
"1983-05-01",0.6953
"1983-05-02",0.6677
"1983-05-03",0
"1983-05-04",0
"1983-05-05",0
"1983-05-06",0.0649
"1983-05-07",0
"1983-05-08",0
"1983-05-09",0
"1983-05-10",0
"1983-05-11",0.1881
"1983-05-12",0
"1983-05-13",0
"1983-05-14",0.1368
"1983-05-15",0.0093
"1983-05-16",0.7487
"1983-05-17",0.1668
"1983-05-18",0
"1983-05-19",3.3657
"1983-05-20",1.7757
"1983-05-21",0.0425
"1983-05-22",0.0045
"1983-05-23",0
"1983-05-24",0
"1983-05-25",0
"1983-05-26",0
"1983-05-27",0
"1983-05-28",0
"1983-05-29",0.4394
"1983-05-30",0.7834
"1983-05-31",1.2143
"1983-06-01",0.0044
"1983-06-02",0
"1983-06-03",0
"1983-06-04",0
"1983-06-05",0.0022
"1983-06-06",0.2297
"1983-06-07",0
"1983-06-08",0.1087
"1983-06-09",0.4084
"1983-06-10",0.5511
"1983-06-11",0.2528
"1983-06-12",0.0213
"1983-06-13",0.0103
"1983-06-14",0
"1983-06-15",0
"1983-06-16",0.0073
"1983-06-17",0.4074
"1983-06-18",0.1573
"1983-06-19",0
"1983-06-20",0
"1983-06-21",0
"1983-06-22",0.0367
"1983-06-23",1.8635
"1983-06-24",1.0868
"1983-06-25",0.9404
"1983-06-26",0.1043
"1983-06-27",0.3549
"1983-06-28",0.3131
"1983-06-29",0.6711
"1983-06-30",0.4946
"1983-07-01",1.1185
"1983-07-02",0.3937
"1983-07-03",0
"1983-07-04",0
"1983-07-05",0.1586
"1983-07-06",3.0009
"1983-07-07",0.067
"1983-07-08",0.7786
"1983-07-09",4.079
"1983-07-10",0.6796
"1983-07-11",0.1274
"1983-07-12",0
"1983-07-13",0.0388
"1983-07-14",0.1519
"1983-07-15",0
"1983-07-16",0.0382
"1983-07-17",0
"1983-07-18",0
"1983-07-19",0.0564
"1983-07-20",0.2838
"1983-07-21",0
"1983-07-22",0.0074
"1983-07-23",0.5634
"1983-07-24",0.748
"1983-07-25",15.0758
"1983-07-26",4.1225
"1983-07-27",2.6072
"1983-07-28",2.9466
"1983-07-29",0
"1983-07-30",1.0234
"1983-07-31",3.904
"1983-08-01",0.7183
"1983-08-02",2.1785
"1983-08-03",4.5222
"1983-08-04",9.6255
"1983-08-05",3.2051
"1983-08-06",2.7073
"1983-08-07",1.2098
"1983-08-08",2.0225
"1983-08-09",1.9789
"1983-08-10",0
"1983-08-11",1.0525
"1983-08-12",0.8561
"1983-08-13",0.0162
"1983-08-14",0
"1983-08-15",0.2
"1983-08-16",0.029
"1983-08-17",0.6904
"1983-08-18",0.7826
"1983-08-19",1.2365
"1983-08-20",0
"1983-08-21",0
"1983-08-22",0
"1983-08-23",0.0004
"1983-08-24",0.0094
"1983-08-25",0.2764
"1983-08-26",0.5211
"1983-08-27",0
"1983-08-28",0.0313
"1983-08-29",0
"1983-08-30",0.1151
"1983-08-31",0
"1983-09-01",0
"1983-09-02",0
"1983-09-03",0.2625
"1983-09-04",0.0365
"1983-09-05",0
"1983-09-06",0
"1983-09-07",0
"1983-09-08",0
"1983-09-09",0
"1983-09-10",0
"1983-09-11",0
"1983-09-12",0
"1983-09-13",0
"1983-09-14",0
"1983-09-15",0
"1983-09-16",0
"1983-09-17",0
"1983-09-18",0.042
"1983-09-19",0.0504
"1983-09-20",0.5354
"1983-09-21",0
"1983-09-22",0
"1983-09-23",7.4879
"1983-09-24",5.8075
"1983-09-25",0.0051
"1983-09-26",0.3506
"1983-09-27",6.8814
"1983-09-28",0.7143
"1983-09-29",16.0813
"1983-09-30",3.2757
"1983-10-01",10.7692
"1983-10-02",3.1777
"1983-10-03",0
"1983-10-04",0
"1983-10-05",0.1997
"1983-10-06",0.0792
"1983-10-07",0.0042
"1983-10-08",0.8552
"1983-10-09",0.0042
"1983-10-10",0.0487
"1983-10-11",0
"1983-10-12",0
"1983-10-13",0.014
"1983-10-14",0.0048
"1983-10-15",0
"1983-10-16",0.0473
"1983-10-17",0.7937
"1983-10-18",0.2441
"1983-10-19",4.0721
"1983-10-20",0.1899
"1983-10-21",0
"1983-10-22",0
"1983-10-23",0
"1983-10-24",0.0003
"1983-10-25",0
"1983-10-26",0
"1983-10-27",0.0422
"1983-10-28",0.143
"1983-10-29",0
"1983-10-30",0
"1983-10-31",0.1977
"1983-11-01",0
"1983-11-02",0.9416
"1983-11-03",0
"1983-11-04",0.0392
"1983-11-05",0.0463
"1983-11-06",0
"1983-11-07",0
"1983-11-08",0.7903
"1983-11-09",0
"1983-11-10",0.0035
"1983-11-11",0.8328
"1983-11-12",0
"1983-11-13",0
"1983-11-14",0.2274
"1983-11-15",0.0166
"1983-11-16",0.1046
"1983-11-17",1.0755
"1983-11-18",8.6308
"1983-11-19",0
"1983-11-20",0.3181
"1983-11-21",7.0083
"1983-11-22",0.1613
"1983-11-23",0
"1983-11-24",0
"1983-11-25",0.0551
"1983-11-26",0.0343
"1983-11-27",0
"1983-11-28",0
"1983-11-29",0
"1983-11-30",0
"1983-12-01",4.1381
"1983-12-02",0.825
"1983-12-03",0.2187
"1983-12-04",0.0827
"1983-12-05",0
"1983-12-06",0
"1983-12-07",0
"1983-12-08",0.1719
"1983-12-09",0.3107
"1983-12-10",0.1667
"1983-12-11",0.5194
"1983-12-12",0.3454
"1983-12-13",0
"1983-12-14",0.0008
"1983-12-15",0.6792
"1983-12-16",0.0093
"1983-12-17",0.0727
"1983-12-18",0
"1983-12-19",0.4124
"1983-12-20",0.0044
"1983-12-21",0.3169
"1983-12-22",1.377
"1983-12-23",2.1501
"1983-12-24",3.0485
"1983-12-25",4.2273
"1983-12-26",2.8749
"1983-12-27",2.2865
"1983-12-28",1.1483
"1983-12-29",0
"1983-12-30",0.0036
"1983-12-31",0.8293
"1984-01-01",0.0187
"1984-01-02",0
"1984-01-03",0.2844
"1984-01-04",0
"1984-01-05",0
"1984-01-06",0.35
"1984-01-07",0
"1984-01-08",0
"1984-01-09",0
"1984-01-10",0
"1984-01-11",2.6966
"1984-01-12",0
"1984-01-13",2.0764
"1984-01-14",1.5777
"1984-01-15",0.0053
"1984-01-16",0
"1984-01-17",0.0216
"1984-01-18",0
"1984-01-19",0
"1984-01-20",0
"1984-01-21",0.3068
"1984-01-22",0.0529
"1984-01-23",0
"1984-01-24",0
"1984-01-25",0
"1984-01-26",0.1457
"1984-01-27",0
"1984-01-28",0
"1984-01-29",0
"1984-01-30",0
"1984-01-31",0
"1984-02-01",0
"1984-02-02",0
"1984-02-03",0.0009
"1984-02-04",0
"1984-02-05",0
"1984-02-06",0
"1984-02-07",0
"1984-02-08",0
"1984-02-09",0.6847
"1984-02-10",0.454
"1984-02-11",0
"1984-02-12",0
"1984-02-13",0.0206
"1984-02-14",3.0614
"1984-02-15",0.0346
"1984-02-16",0
"1984-02-17",0.6827
"1984-02-18",0.0002
"1984-02-19",0
"1984-02-20",0
"1984-02-21",0.001
"1984-02-22",2.9225
"1984-02-23",0.3091
"1984-02-24",0.4094
"1984-02-25",0.0051
"1984-02-26",0.0127
"1984-02-27",0
"1984-02-28",0
"1984-02-29",0
"1984-03-01",0
"1984-03-02",0.0047
"1984-03-03",0
"1984-03-04",0
"1984-03-05",0
"1984-03-06",0
"1984-03-07",0
"1984-03-08",0
"1984-03-09",0.0011
"1984-03-10",0.0267
"1984-03-11",0.5512
"1984-03-12",0.0787
"1984-03-13",0.4466
"1984-03-14",1.0301
"1984-03-15",0.7784
"1984-03-16",0.9489
"1984-03-17",0.0855
"1984-03-18",0.0014
"1984-03-19",0
"1984-03-20",0
"1984-03-21",0
"1984-03-22",2.1909
"1984-03-23",0
"1984-03-24",0
"1984-03-25",0.9743
"1984-03-26",4.4531
"1984-03-27",8.1355
"1984-03-28",0
"1984-03-29",0
"1984-03-30",0.3678
"1984-03-31",0
"1984-04-01",0.0064
"1984-04-02",0.3456
"1984-04-03",0
"1984-04-04",0
"1984-04-05",0
"1984-04-06",0.5713
"1984-04-07",4.1862
"1984-04-08",0
"1984-04-09",1.5436
"1984-04-10",0.0048
"1984-04-11",0.2666
"1984-04-12",0.1532
"1984-04-13",0
"1984-04-14",0
"1984-04-15",0
"1984-04-16",0
"1984-04-17",0.32
"1984-04-18",5.145
"1984-04-19",2.2855
"1984-04-20",0.0366
"1984-04-21",0.0021
"1984-04-22",0
"1984-04-23",0
"1984-04-24",0
"1984-04-25",0
"1984-04-26",0.7589
"1984-04-27",0.5079
"1984-04-28",0.0048
"1984-04-29",0.081
"1984-04-30",0.0205
"1984-05-01",0.3542
"1984-05-02",0.2392
"1984-05-03",0
"1984-05-04",0.0047
"1984-05-05",0
"1984-05-06",0
"1984-05-07",0
"1984-05-08",0
"1984-05-09",0
"1984-05-10",0.1452
"1984-05-11",0.1623
"1984-05-12",0
"1984-05-13",0.0036
"1984-05-14",0.1452
"1984-05-15",1.5577
"1984-05-16",0.5467
"1984-05-17",0
"1984-05-18",0
"1984-05-19",0
"1984-05-20",0
"1984-05-21",0.0167
"1984-05-22",0.0457
"1984-05-23",0.1121
"1984-05-24",0.3402
"1984-05-25",1.7171
"1984-05-26",0
"1984-05-27",0
"1984-05-28",0
"1984-05-29",0
"1984-05-30",0.2899
"1984-05-31",0.8639
"1984-06-01",0.6134
"1984-06-02",0.2702
"1984-06-03",0.01
"1984-06-04",0.0559
"1984-06-05",5.4784
"1984-06-06",0.1761
"1984-06-07",0.1207
"1984-06-08",0
"1984-06-09",0
"1984-06-10",0
"1984-06-11",0
"1984-06-12",0.2802
"1984-06-13",0
"1984-06-14",0
"1984-06-15",0.0007
"1984-06-16",0.063
"1984-06-17",0
"1984-06-18",0
"1984-06-19",0
"1984-06-20",0.0046
"1984-06-21",0
"1984-06-22",0
"1984-06-23",0
"1984-06-24",0.0106
"1984-06-25",0.8661
"1984-06-26",0.1677
"1984-06-27",0.0163
"1984-06-28",0
"1984-06-29",0.0147
"1984-06-30",0.2476
"1984-07-01",0.1905
"1984-07-02",0.25
"1984-07-03",0.6592
"1984-07-04",0.0289
"1984-07-05",0
"1984-07-06",0.0557
"1984-07-07",3.7925
"1984-07-08",0.215
"1984-07-09",0.1695
"1984-07-10",0.6102
"1984-07-11",0.6592
"1984-07-12",2.4497
"1984-07-13",2.2402
"1984-07-14",2.7896
"1984-07-15",1.376
"1984-07-16",2.9309
"1984-07-17",0.2655
"1984-07-18",0.6028
"1984-07-19",0.1303
"1984-07-20",0.1143
"1984-07-21",1.1191
"1984-07-22",1.5392
"1984-07-23",0.8107
"1984-07-24",1.6099
"1984-07-25",0.5497
"1984-07-26",2.2296
"1984-07-27",0.3209
"1984-07-28",1.1389
"1984-07-29",2.1597
"1984-07-30",3.8947
"1984-07-31",0.8003
"1984-08-01",0.0063
"1984-08-02",0
"1984-08-03",0
"1984-08-04",0.1519
"1984-08-05",3.0783
"1984-08-06",4.6401
"1984-08-07",0.1315
"1984-08-08",0.105
"1984-08-09",0.0916
"1984-08-10",0
"1984-08-11",0.0434
"1984-08-12",0
"1984-08-13",0.259
"1984-08-14",2.581
"1984-08-15",5.1287
"1984-08-16",1.9086
"1984-08-17",4.0759
"1984-08-18",4.725
"1984-08-19",3.7931
"1984-08-20",2.079
"1984-08-21",0.2362
"1984-08-22",0.7421
"1984-08-23",3.7358
"1984-08-24",5.9488
"1984-08-25",1.5544
"1984-08-26",2.2058
"1984-08-27",0.4259
"1984-08-28",0.0028
"1984-08-29",0.0028
"1984-08-30",0.0028
"1984-08-31",0.51
"1984-09-01",13.9301
"1984-09-02",1.1447
"1984-09-03",0
"1984-09-04",0
"1984-09-05",0
"1984-09-06",0
"1984-09-07",0
"1984-09-08",0
"1984-09-09",0
"1984-09-10",0.6721
"1984-09-11",5.8399
"1984-09-12",0.0018
"1984-09-13",0
"1984-09-14",0
"1984-09-15",0.0435
"1984-09-16",0.12
"1984-09-17",0.1157
"1984-09-18",0.0213
"1984-09-19",0.2762
"1984-09-20",0
"1984-09-21",0.0383
"1984-09-22",0.8398
"1984-09-23",2.4489
"1984-09-24",0
"1984-09-25",0.0083
"1984-09-26",1.4196
"1984-09-27",0
"1984-09-28",0
"1984-09-29",0
"1984-09-30",2.382
"1984-10-01",4.3458
"1984-10-02",1.9562
"1984-10-03",11.6864
"1984-10-04",3.6989
"1984-10-05",0
"1984-10-06",0.0545
"1984-10-07",0.0023
"1984-10-08",0
"1984-10-09",0
"1984-10-10",0
"1984-10-11",0.0062
"1984-10-12",2.455
"1984-10-13",0
"1984-10-14",5.6528
"1984-10-15",0.7132
"1984-10-16",0
"1984-10-17",0.0276
"1984-10-18",0.1836
"1984-10-19",2.0001
"1984-10-20",0
"1984-10-21",0.9773
"1984-10-22",0.0946
"1984-10-23",0
"1984-10-24",0
"1984-10-25",0
"1984-10-26",0
"1984-10-27",0.0303
"1984-10-28",0
"1984-10-29",0
"1984-10-30",0
"1984-10-31",0.1823
"1984-11-01",0
"1984-11-02",0
"1984-11-03",0
"1984-11-04",0
"1984-11-05",0.0369
"1984-11-06",0
"1984-11-07",0
"1984-11-08",0.0068
"1984-11-09",0
"1984-11-10",0
"1984-11-11",0
"1984-11-12",0
"1984-11-13",0.3449
"1984-11-14",0.9673
"1984-11-15",1.0072
"1984-11-16",0.1304
"1984-11-17",0.3204
"1984-11-18",0.0046
"1984-11-19",0
"1984-11-20",0
"1984-11-21",0.1735
"1984-11-22",2.7956
"1984-11-23",4.1119
"1984-11-24",1.6449
"1984-11-25",1.81
"1984-11-26",0.3914
"1984-11-27",0
"1984-11-28",0
"1984-11-29",0.1521
"1984-11-30",0
"1984-12-01",0
"1984-12-02",0
"1984-12-03",0.3477
"1984-12-04",0.2029
"1984-12-05",0
"1984-12-06",0
"1984-12-07",0.0005
"1984-12-08",2.5441
"1984-12-09",0
"1984-12-10",1.4757
"1984-12-11",10.2951
"1984-12-12",0
"1984-12-13",0.5571
"1984-12-14",2.5039
"1984-12-15",0.7215
"1984-12-16",0
"1984-12-17",0.002
"1984-12-18",0
"1984-12-19",1.6812
"1984-12-20",0.0209
"1984-12-21",0
"1984-12-22",0
"1984-12-23",0
"1984-12-24",0.0019
"1984-12-25",0.0053
"1984-12-26",0.2359
"1984-12-27",11.5953
"1984-12-28",0.2965
"1984-12-29",0
"1984-12-30",0
"1984-12-31",0
"1985-01-01",0.0047
"1985-01-02",0
"1985-01-03",0
"1985-01-04",0
"1985-01-05",0
"1985-01-06",0
"1985-01-07",5.4221
"1985-01-08",7.0995
"1985-01-09",3.078
"1985-01-10",0
"1985-01-11",0
"1985-01-12",0
"1985-01-13",0
"1985-01-14",0.0211
"1985-01-15",0.8729
"1985-01-16",0.0448
"1985-01-17",0
"1985-01-18",0
"1985-01-19",0
"1985-01-20",0
"1985-01-21",0
"1985-01-22",0.5476
"1985-01-23",0.0133
"1985-01-24",0.0091
"1985-01-25",0
"1985-01-26",2.424
"1985-01-27",0.3001
"1985-01-28",0
"1985-01-29",1.2293
"1985-01-30",0.9147
"1985-01-31",0.0025
"1985-02-01",0
"1985-02-02",0.1212
"1985-02-03",0.1938
"1985-02-04",0.7944
"1985-02-05",0
"1985-02-06",0
"1985-02-07",0
"1985-02-08",0
"1985-02-09",1.345
"1985-02-10",1.654
"1985-02-11",0
"1985-02-12",0
"1985-02-13",0
"1985-02-14",0
"1985-02-15",0
"1985-02-16",0
"1985-02-17",0.3712
"1985-02-18",0.1355
"1985-02-19",0.257
"1985-02-20",1.045
"1985-02-21",6.1322
"1985-02-22",0.4834
"1985-02-23",0.0041
"1985-02-24",0
"1985-02-25",0
"1985-02-26",0
"1985-02-27",0
"1985-02-28",0
"1985-03-01",0.0391
"1985-03-02",0.0254
"1985-03-03",2.277
"1985-03-04",0
"1985-03-05",0
"1985-03-06",0.8717
"1985-03-07",0.2357
"1985-03-08",0.0697
"1985-03-09",1.1795
"1985-03-10",1.5447
"1985-03-11",6.9148
"1985-03-12",4.0864
"1985-03-13",0
"1985-03-14",0
"1985-03-15",0.9588
"1985-03-16",0.1121
"1985-03-17",0
"1985-03-18",0
"1985-03-19",4.199
"1985-03-20",0.1161
"1985-03-21",0
"1985-03-22",0.0993
"1985-03-23",0
"1985-03-24",0
"1985-03-25",0
"1985-03-26",0.1823
"1985-03-27",6.3326
"1985-03-28",0.006
"1985-03-29",0
"1985-03-30",0
"1985-03-31",2.0937
"1985-04-01",0.2277
"1985-04-02",0
"1985-04-03",0.0054
"1985-04-04",2.1225
"1985-04-05",0.3202
"1985-04-06",0
"1985-04-07",0
"1985-04-08",0
"1985-04-09",0
"1985-04-10",0.0043
"1985-04-11",0
"1985-04-12",0.0014
"1985-04-13",0
"1985-04-14",0
"1985-04-15",0
"1985-04-16",0.0079
"1985-04-17",0.4114
"1985-04-18",5.067
"1985-04-19",0.187
"1985-04-20",0.6445
"1985-04-21",8.1273
"1985-04-22",1.242
"1985-04-23",0
"1985-04-24",0
"1985-04-25",0.0044
"1985-04-26",1.6401
"1985-04-27",1.0758
"1985-04-28",13.9396
"1985-04-29",0.5836
"1985-04-30",0.0059
"1985-05-01",1.5554
"1985-05-02",1.2112
"1985-05-03",0.0382
"1985-05-04",0.0327
"1985-05-05",0
"1985-05-06",0.0279
"1985-05-07",0
"1985-05-08",0.4717
"1985-05-09",2.3056
"1985-05-10",0.527
"1985-05-11",0
"1985-05-12",0.0866
"1985-05-13",0.4102
"1985-05-14",0
"1985-05-15",0
"1985-05-16",0.6746
"1985-05-17",0.2896
"1985-05-18",0.0005
"1985-05-19",0.0394
"1985-05-20",0.1509
"1985-05-21",1.2925
"1985-05-22",0.0637
"1985-05-23",0.0733
"1985-05-24",0.002
"1985-05-25",0.154
"1985-05-26",0.0185
"1985-05-27",0
"1985-05-28",0.1139
"1985-05-29",0.2096
"1985-05-30",0.5696
"1985-05-31",0.211
"1985-06-01",0
"1985-06-02",0
"1985-06-03",0.345
"1985-06-04",0.5913
"1985-06-05",0.5815
"1985-06-06",0
"1985-06-07",0
"1985-06-08",0.2952
"1985-06-09",0.1041
"1985-06-10",0
"1985-06-11",0
"1985-06-12",0
"1985-06-13",0
"1985-06-14",0.2765
"1985-06-15",0.0002
"1985-06-16",0
"1985-06-17",0.0604
"1985-06-18",0.2262
"1985-06-19",0.2248
"1985-06-20",0.0788
"1985-06-21",0.0595
"1985-06-22",0
"1985-06-23",0
"1985-06-24",0.0567
"1985-06-25",0.2935
"1985-06-26",0
"1985-06-27",0
"1985-06-28",0
"1985-06-29",0.5373
"1985-06-30",1.1701
"1985-07-01",0
"1985-07-02",0
"1985-07-03",0.111
"1985-07-04",0.1662
"1985-07-05",0
"1985-07-06",0
"1985-07-07",0
"1985-07-08",0
"1985-07-09",3.0007
"1985-07-10",0.0675
"1985-07-11",0.8719
"1985-07-12",1.1627
"1985-07-13",1.7381
"1985-07-14",2.7494
"1985-07-15",0.7277
"1985-07-16",4.9601
"1985-07-17",3.0219
"1985-07-18",1.9298
"1985-07-19",4.8027
"1985-07-20",2.1781
"1985-07-21",2.214
"1985-07-22",4.2549
"1985-07-23",0.4855
"1985-07-24",0
"1985-07-25",0
"1985-07-26",0.0831
"1985-07-27",0
"1985-07-28",2.0156
"1985-07-29",1.7728
"1985-07-30",3.0441
"1985-07-31",0
"1985-08-01",2.7868
"1985-08-02",2.0887
"1985-08-03",2.5887
"1985-08-04",0.9992
"1985-08-05",0
"1985-08-06",0
"1985-08-07",0.0014
"1985-08-08",3.351
"1985-08-09",1.6481
"1985-08-10",0.2998
"1985-08-11",0.1858
"1985-08-12",0.038
"1985-08-13",0
"1985-08-14",0
"1985-08-15",0
"1985-08-16",0
"1985-08-17",0.3436
"1985-08-18",0.7442
"1985-08-19",0.2189
"1985-08-20",0.0415
"1985-08-21",0.0919
"1985-08-22",0
"1985-08-23",0
"1985-08-24",0
"1985-08-25",0.009
"1985-08-26",0.2239
"1985-08-27",1.1565
"1985-08-28",1.1861
"1985-08-29",0.1616
"1985-08-30",0
"1985-08-31",0.2482
"1985-09-01",0
"1985-09-02",1.9818
"1985-09-03",1.6508
"1985-09-04",0.0734
"1985-09-05",0
"1985-09-06",0
"1985-09-07",0.3396
"1985-09-08",0
"1985-09-09",1.4857
"1985-09-10",6.8829
"1985-09-11",3.4286
"1985-09-12",0.5376
"1985-09-13",0
"1985-09-14",1.0711
"1985-09-15",3.6911
"1985-09-16",1.2104
"1985-09-17",0
"1985-09-18",9.5919
"1985-09-19",1.5053
"1985-09-20",3.2896
"1985-09-21",0
"1985-09-22",0.0152
"1985-09-23",0
"1985-09-24",0
"1985-09-25",0
"1985-09-26",0
"1985-09-27",0.0279
"1985-09-28",3.5449
"1985-09-29",0.0006
"1985-09-30",0.0059
"1985-10-01",0.861
"1985-10-02",0.0292
"1985-10-03",0
"1985-10-04",0
"1985-10-05",0
"1985-10-06",0
"1985-10-07",8.8163
"1985-10-08",0
"1985-10-09",0.1337
"1985-10-10",0.0687
"1985-10-11",3.6296
"1985-10-12",0
"1985-10-13",0.0482
"1985-10-14",0
"1985-10-15",0
"1985-10-16",1.0874
"1985-10-17",6.6691
"1985-10-18",0
"1985-10-19",0
"1985-10-20",0
"1985-10-21",0.0091
"1985-10-22",0.0113
"1985-10-23",0
"1985-10-24",0
"1985-10-25",0
"1985-10-26",0.0984
"1985-10-27",0.3497
"1985-10-28",1.2094
"1985-10-29",0.1205
"1985-10-30",0
"1985-10-31",7.4329
"1985-11-01",0
"1985-11-02",0
"1985-11-03",0
"1985-11-04",0.0022
"1985-11-05",2.4122
"1985-11-06",0
"1985-11-07",0
"1985-11-08",0.415
"1985-11-09",0.6501
"1985-11-10",0.5984
"1985-11-11",0.3432
"1985-11-12",2.5575
"1985-11-13",0.0084
"1985-11-14",0
"1985-11-15",0
"1985-11-16",0.0136
"1985-11-17",1.655
"1985-11-18",0.0276
"1985-11-19",0
"1985-11-20",0.7255
"1985-11-21",0.6281
"1985-11-22",0
"1985-11-23",0
"1985-11-24",1.1909
"1985-11-25",3.8371
"1985-11-26",3.1449
"1985-11-27",0.0094
"1985-11-28",2.6829
"1985-11-29",4.4433
"1985-11-30",5.7737
"1985-12-01",0.017
"1985-12-02",2.6798
"1985-12-03",1.4579
"1985-12-04",0
"1985-12-05",0.0445
"1985-12-06",0
"1985-12-07",0
"1985-12-08",0.2847
"1985-12-09",0.287
"1985-12-10",1.7328
"1985-12-11",0.6178
"1985-12-12",0.8871
"1985-12-13",0
"1985-12-14",0
"1985-12-15",0
"1985-12-16",0
"1985-12-17",0
"1985-12-18",0
"1985-12-19",0
"1985-12-20",0
"1985-12-21",0
"1985-12-22",0
"1985-12-23",0
"1985-12-24",0
"1985-12-25",0
"1985-12-26",0
"1985-12-27",0
"1985-12-28",0
"1985-12-29",0
"1985-12-30",1.0056
"1985-12-31",0.9925
"1986-01-01",0.0776
"1986-01-02",0
"1986-01-03",0.3025
"1986-01-04",0.0369
"1986-01-05",0.285
"1986-01-06",0.0433
"1986-01-07",0.1559
"1986-01-08",0
"1986-01-09",0
"1986-01-10",0
"1986-01-11",0
"1986-01-12",0
"1986-01-13",0
"1986-01-14",1.9777
"1986-01-15",0.0188
"1986-01-16",0
"1986-01-17",0.0475
"1986-01-18",0
"1986-01-19",0
"1986-01-20",0.125
"1986-01-21",0.14
"1986-01-22",1.1866
"1986-01-23",0.0739
"1986-01-24",0.4401
"1986-01-25",0
"1986-01-26",0
"1986-01-27",1.2557
"1986-01-28",0
"1986-01-29",0
"1986-01-30",0.9491
"1986-01-31",0.5516
"1986-02-01",0.259
"1986-02-02",0.0145
"1986-02-03",0
"1986-02-04",1.0298
"1986-02-05",0
"1986-02-06",3.8335
"1986-02-07",1.012
"1986-02-08",0.2423
"1986-02-09",0.0144
"1986-02-10",0
"1986-02-11",0
"1986-02-12",0
"1986-02-13",1.8129
"1986-02-14",0
"1986-02-15",3.1167
"1986-02-16",3.6565
"1986-02-17",0
"1986-02-18",0.1541
"1986-02-19",0.2677
"1986-02-20",0.0956
"1986-02-21",0.0184
"1986-02-22",0.0052
"1986-02-23",0.3742
"1986-02-24",0.0192
"1986-02-25",0
"1986-02-26",0
"1986-02-27",0
"1986-02-28",0
"1986-03-01",0
"1986-03-02",0.3143
"1986-03-03",0.0787
"1986-03-04",0
"1986-03-05",0
"1986-03-06",0
"1986-03-07",0.0833
"1986-03-08",1.7159
"1986-03-09",1.1019
"1986-03-10",4.4075
"1986-03-11",3.4827
"1986-03-12",1.4477
"1986-03-13",0.3809
"1986-03-14",1.3505
"1986-03-15",0.0099
"1986-03-16",0.2524
"1986-03-17",5.9592
"1986-03-18",0.2815
"1986-03-19",0.0198
"1986-03-20",0
"1986-03-21",0
"1986-03-22",0
"1986-03-23",0
"1986-03-24",0.9376
"1986-03-25",0.3778
"1986-03-26",0
"1986-03-27",0
"1986-03-28",0
"1986-03-29",0.4755
"1986-03-30",1.0876
"1986-03-31",1.3737
"1986-04-01",8.9567
"1986-04-02",0.9433
"1986-04-03",2.1907
"1986-04-04",0.0228
"1986-04-05",0.0092
"1986-04-06",0.2027
"1986-04-07",1.9194
"1986-04-08",0.0188
"1986-04-09",0
"1986-04-10",0.3303
"1986-04-11",0.2134
"1986-04-12",0.0059
"1986-04-13",0.0004
"1986-04-14",0
"1986-04-15",0.1025
"1986-04-16",1.4534
"1986-04-17",0.1584
"1986-04-18",0.0319
"1986-04-19",0.0797
"1986-04-20",0.0148
"1986-04-21",0
"1986-04-22",0.4731
"1986-04-23",0.6795
"1986-04-24",0.1956
"1986-04-25",1.2518
"1986-04-26",0.0955
"1986-04-27",0.1568
"1986-04-28",0
"1986-04-29",0
"1986-04-30",0
"1986-05-01",0
"1986-05-02",0.3091
"1986-05-03",0.3124
"1986-05-04",0.0079
"1986-05-05",0
"1986-05-06",1.2269
"1986-05-07",0.0133
"1986-05-08",0.2066
"1986-05-09",0.462
"1986-05-10",0
"1986-05-11",0
"1986-05-12",0
"1986-05-13",0
"1986-05-14",0.0034
"1986-05-15",1.6987
"1986-05-16",2.3213
"1986-05-17",1.5743
"1986-05-18",0
"1986-05-19",0
"1986-05-20",0
"1986-05-21",0.8991
"1986-05-22",1.0297
"1986-05-23",0.0074
"1986-05-24",1.9699
"1986-05-25",0.2644
"1986-05-26",0
"1986-05-27",0
"1986-05-28",0.1542
"1986-05-29",0.033
"1986-05-30",1.6942
"1986-05-31",0.9751
"1986-06-01",0.4646
"1986-06-02",0.224
"1986-06-03",0.7168
"1986-06-04",1.1278
"1986-06-05",0.2833
"1986-06-06",0.0056
"1986-06-07",0
"1986-06-08",0
"1986-06-09",0
"1986-06-10",0.0003
"1986-06-11",0
"1986-06-12",0
"1986-06-13",0
"1986-06-14",0
"1986-06-15",0
"1986-06-16",0
"1986-06-17",0.2362
"1986-06-18",0.2375
"1986-06-19",0.0017
"1986-06-20",0
"1986-06-21",0.0005
"1986-06-22",0.0005
"1986-06-23",0.0005
"1986-06-24",2.8159
"1986-06-25",3.1553
"1986-06-26",0.2984
"1986-06-27",0
"1986-06-28",0
"1986-06-29",1.4926
"1986-06-30",1.6505
"1986-07-01",0
"1986-07-02",0
"1986-07-03",0
"1986-07-04",7.2967
"1986-07-05",4.569
"1986-07-06",0
"1986-07-07",0.1494
"1986-07-08",0.0238
"1986-07-09",0.9289
"1986-07-10",0.1353
"1986-07-11",0
"1986-07-12",0
"1986-07-13",0
"1986-07-14",0.4504
"1986-07-15",1.5783
"1986-07-16",1.1587
"1986-07-17",0.4711
"1986-07-18",0.493
"1986-07-19",3.9628
"1986-07-20",9.4103
"1986-07-21",7.2735
"1986-07-22",5.0183
"1986-07-23",0.5656
"1986-07-24",0.4143
"1986-07-25",1.7427
"1986-07-26",0
"1986-07-27",0
"1986-07-28",0
"1986-07-29",0
"1986-07-30",0
"1986-07-31",0
"1986-08-01",0.1331
"1986-08-02",0.0409
"1986-08-03",0.1601
"1986-08-04",0.3729
"1986-08-05",0.9833
"1986-08-06",0.8781
"1986-08-07",0.8819
"1986-08-08",0.1756
"1986-08-09",1.176
"1986-08-10",0.0606
"1986-08-11",0.2047
"1986-08-12",2.8529
"1986-08-13",2.0848
"1986-08-14",2.7259
"1986-08-15",0
"1986-08-16",0
"1986-08-17",0
"1986-08-18",0.2097
"1986-08-19",0.8227
"1986-08-20",0.4143
"1986-08-21",0.2846
"1986-08-22",0.2375
"1986-08-23",1.0275
"1986-08-24",3.2054
"1986-08-25",2.3978
"1986-08-26",0.6972
"1986-08-27",1.2064
"1986-08-28",11.0465
"1986-08-29",1.2368
"1986-08-30",0.0178
"1986-08-31",0.0202
"1986-09-01",0.242
"1986-09-02",0.2056
"1986-09-03",0
"1986-09-04",0
"1986-09-05",0
"1986-09-06",0
"1986-09-07",0
"1986-09-08",4.8277
"1986-09-09",8.0614
"1986-09-10",1.3486
"1986-09-11",0
"1986-09-12",0
"1986-09-13",1.8035
"1986-09-14",0.2479
"1986-09-15",0.1387
"1986-09-16",0.4912
"1986-09-17",0.9043
"1986-09-18",1.0896
"1986-09-19",1.0767
"1986-09-20",0.4903
"1986-09-21",3.7145
"1986-09-22",9.8307
"1986-09-23",1.5035
"1986-09-24",2.724
"1986-09-25",0.204
"1986-09-26",0.2461
"1986-09-27",0
"1986-09-28",0.0389
"1986-09-29",0.1288
"1986-09-30",0
"1986-10-01",0
"1986-10-02",0.0128
"1986-10-03",0.0009
"1986-10-04",0
"1986-10-05",0.1639
"1986-10-06",0.9851
"1986-10-07",0
"1986-10-08",0
"1986-10-09",0
"1986-10-10",6.6107
"1986-10-11",2.8426
"1986-10-12",6.0945
"1986-10-13",0
"1986-10-14",0
"1986-10-15",0
"1986-10-16",0.056
"1986-10-17",0.0208
"1986-10-18",0.0258
"1986-10-19",0.5721
"1986-10-20",0.0002
"1986-10-21",0
"1986-10-22",0
"1986-10-23",0
"1986-10-24",0
"1986-10-25",0
"1986-10-26",0
"1986-10-27",0.0159
"1986-10-28",0
"1986-10-29",0.8853
"1986-10-30",0.0739
"1986-10-31",6.7953
"1986-11-01",11.819
"1986-11-02",4.447
"1986-11-03",3.5461
"1986-11-04",3.575
"1986-11-05",0
"1986-11-06",0.0024
"1986-11-07",0.8533
"1986-11-08",0
"1986-11-09",0
"1986-11-10",0
"1986-11-11",0
"1986-11-12",0
"1986-11-13",0
"1986-11-14",0
"1986-11-15",0
"1986-11-16",3.8427
"1986-11-17",0.0033
"1986-11-18",0.7654
"1986-11-19",5.1012
"1986-11-20",0
"1986-11-21",0
"1986-11-22",0.9691
"1986-11-23",0.0614
"1986-11-24",0
"1986-11-25",0.1462
"1986-11-26",0.1519
"1986-11-27",0
"1986-11-28",0
"1986-11-29",0.0324
"1986-11-30",0.0471
"1986-12-01",0
"1986-12-02",0.0239
"1986-12-03",0.5642
"1986-12-04",0.2736
"1986-12-05",1.8037
"1986-12-06",11.4477
"1986-12-07",0.8064
"1986-12-08",0.515
"1986-12-09",0
"1986-12-10",0
"1986-12-11",0
"1986-12-12",0
"1986-12-13",0
"1986-12-14",0.0123
"1986-12-15",0.0028
"1986-12-16",0.1401
"1986-12-17",3.1401
"1986-12-18",0.3431
"1986-12-19",0
"1986-12-20",0.0381
"1986-12-21",0.0071
"1986-12-22",0
"1986-12-23",0.0572
"1986-12-24",0.0027
"1986-12-25",0
"1986-12-26",0
"1986-12-27",0
"1986-12-28",0
"1986-12-29",0
"1986-12-30",0.0057
"1986-12-31",0.0246
"1987-01-01",0.0954
"1987-01-02",0.8785
"1987-01-03",0.4801
"1987-01-04",0.0428
"1987-01-05",2.7767
"1987-01-06",0.0091
"1987-01-07",1.5356
"1987-01-08",0.0436
"1987-01-09",0
"1987-01-10",0
"1987-01-11",0
"1987-01-12",0
"1987-01-13",0
"1987-01-14",0
"1987-01-15",1.6464
"1987-01-16",3.5797
"1987-01-17",0.0122
"1987-01-18",0.0019
"1987-01-19",0.0103
"1987-01-20",0.1018
"1987-01-21",0
"1987-01-22",0
"1987-01-23",1.5922
"1987-01-24",0
"1987-01-25",0
"1987-01-26",0
"1987-01-27",0.0288
"1987-01-28",3.6614
"1987-01-29",0.3421
"1987-01-30",2.4713
"1987-01-31",1.8404
"1987-02-01",0
"1987-02-02",0
"1987-02-03",0
"1987-02-04",3.5101
"1987-02-05",0
"1987-02-06",0
"1987-02-07",0
"1987-02-08",0.2294
"1987-02-09",0.4462
"1987-02-10",0.2675
"1987-02-11",0
"1987-02-12",0.4418
"1987-02-13",0.5097
"1987-02-14",1.7377
"1987-02-15",1.6795
"1987-02-16",1.4226
"1987-02-17",0.0022
"1987-02-18",0
"1987-02-19",1.8076
"1987-02-20",0.1497
"1987-02-21",0.3561
"1987-02-22",0
"1987-02-23",0
"1987-02-24",3.4715
"1987-02-25",5.8253
"1987-02-26",5.7049
"1987-02-27",0.027
"1987-02-28",0
"1987-03-01",0
"1987-03-02",0.0454
"1987-03-03",0
"1987-03-04",0.0006
"1987-03-05",0.0539
"1987-03-06",1.4022
"1987-03-07",0.0211
"1987-03-08",0.0439
"1987-03-09",0.4622
"1987-03-10",0.3704
"1987-03-11",0.1361
"1987-03-12",0
"1987-03-13",0
"1987-03-14",0.0821
"1987-03-15",3.5487
"1987-03-16",2.7202
"1987-03-17",0.043
"1987-03-18",0
"1987-03-19",1.8747
"1987-03-20",0.15
"1987-03-21",0.3599
"1987-03-22",3.0678
"1987-03-23",0.9343
"1987-03-24",0.0358
"1987-03-25",0
"1987-03-26",0
"1987-03-27",0.083
"1987-03-28",0.1331
"1987-03-29",1.5235
"1987-03-30",0
"1987-03-31",0
"1987-04-01",0
"1987-04-02",0
"1987-04-03",0
"1987-04-04",5.0409
"1987-04-05",0.2374
"1987-04-06",0
"1987-04-07",0.8287
"1987-04-08",0.0551
"1987-04-09",0
"1987-04-10",0
"1987-04-11",0
"1987-04-12",2.1997
"1987-04-13",0
"1987-04-14",0
"1987-04-15",0
"1987-04-16",0
"1987-04-17",0
"1987-04-18",0
"1987-04-19",0
"1987-04-20",0
"1987-04-21",0
"1987-04-22",0
"1987-04-23",0
"1987-04-24",0
"1987-04-25",0.1406
"1987-04-26",0
"1987-04-27",0
"1987-04-28",0
"1987-04-29",0.0161
"1987-04-30",1.491
"1987-05-01",0.8936
"1987-05-02",2.6611
"1987-05-03",0.0051
"1987-05-04",0.0051
"1987-05-05",0.0116
"1987-05-06",0.1801
"1987-05-07",0
"1987-05-08",0
"1987-05-09",0
"1987-05-10",0.1975
"1987-05-11",0.7182
"1987-05-12",1.6203
"1987-05-13",0.9685
"1987-05-14",1.9402
"1987-05-15",1.5728
"1987-05-16",1.0378
"1987-05-17",0.2814
"1987-05-18",0.6274
"1987-05-19",0.3886
"1987-05-20",0.0173
"1987-05-21",3.6898
"1987-05-22",0
"1987-05-23",0.0432
"1987-05-24",0.0026
"1987-05-25",0.0099
"1987-05-26",0.6308
"1987-05-27",0.0047
"1987-05-28",0.1106
"1987-05-29",0.1272
"1987-05-30",0.0265
"1987-05-31",0
"1987-06-01",0
"1987-06-02",0
"1987-06-03",0
"1987-06-04",0
"1987-06-05",0.1593
"1987-06-06",1.4034
"1987-06-07",2.1119
"1987-06-08",0.6174
"1987-06-09",1.2991
"1987-06-10",0
"1987-06-11",0
"1987-06-12",0
"1987-06-13",0
"1987-06-14",0
"1987-06-15",0.655
"1987-06-16",0
"1987-06-17",0
"1987-06-18",0
"1987-06-19",0
"1987-06-20",0
"1987-06-21",0.0365
"1987-06-22",0
"1987-06-23",0
"1987-06-24",0
"1987-06-25",0.0024
"1987-06-26",0.1997
"1987-06-27",0.5014
"1987-06-28",0.9305
"1987-06-29",0.5296
"1987-06-30",0.1123
"1987-07-01",0
"1987-07-02",0
"1987-07-03",0
"1987-07-04",0
"1987-07-05",0
"1987-07-06",0
"1987-07-07",0
"1987-07-08",0
"1987-07-09",0
"1987-07-10",0.0298
"1987-07-11",0.1027
"1987-07-12",0
"1987-07-13",0.0412
"1987-07-14",0.0668
"1987-07-15",0.0998
"1987-07-16",0.4685
"1987-07-17",4.2084
"1987-07-18",0
"1987-07-19",0
"1987-07-20",4.4625
"1987-07-21",1.2454
"1987-07-22",0.045
"1987-07-23",0.021
"1987-07-24",0.0142
"1987-07-25",1.1315
"1987-07-26",0.8765
"1987-07-27",5.5088
"1987-07-28",0.863
"1987-07-29",0.9143
"1987-07-30",3.7401
"1987-07-31",5.1202
"1987-08-01",0.2156
"1987-08-02",0.2903
"1987-08-03",3.0654
"1987-08-04",1.3085
"1987-08-05",0.215
"1987-08-06",1.001
"1987-08-07",5.2724
"1987-08-08",8.0037
"1987-08-09",0.9938
"1987-08-10",0
"1987-08-11",0.215
"1987-08-12",0.2822
"1987-08-13",0.0949
"1987-08-14",0
"1987-08-15",0
"1987-08-16",0
"1987-08-17",0
"1987-08-18",0
"1987-08-19",0
"1987-08-20",0.0044
"1987-08-21",0.9703
"1987-08-22",0.7673
"1987-08-23",8.9317
"1987-08-24",5.1485
"1987-08-25",0.476
"1987-08-26",3.495
"1987-08-27",0.1973
"1987-08-28",0
"1987-08-29",0.3192
"1987-08-30",0
"1987-08-31",0
"1987-09-01",0
"1987-09-02",3.0295
"1987-09-03",0
"1987-09-04",2.4875
"1987-09-05",0.3911
"1987-09-06",0.0156
"1987-09-07",0
"1987-09-08",0.0017
"1987-09-09",0.0013
"1987-09-10",0.1586
"1987-09-11",0
"1987-09-12",0
"1987-09-13",0.2061
"1987-09-14",0.0315
"1987-09-15",0.0057
"1987-09-16",0
"1987-09-17",0.4959
"1987-09-18",0.277
"1987-09-19",0
"1987-09-20",0
"1987-09-21",0
"1987-09-22",0
"1987-09-23",0.024
"1987-09-24",2.0498
"1987-09-25",4.4573
"1987-09-26",0
"1987-09-27",0.562
"1987-09-28",0.0937
"1987-09-29",0
"1987-09-30",0
"1987-10-01",0
"1987-10-02",0
"1987-10-03",0
"1987-10-04",0
"1987-10-05",0
"1987-10-06",0
"1987-10-07",0
"1987-10-08",0
"1987-10-09",0
"1987-10-10",0
"1987-10-11",0
"1987-10-12",0.0876
"1987-10-13",5.9859
"1987-10-14",0.1576
"1987-10-15",0
"1987-10-16",0
"1987-10-17",0
"1987-10-18",0
"1987-10-19",0
"1987-10-20",0
"1987-10-21",0
"1987-10-22",0
"1987-10-23",3.6706
"1987-10-24",1.2241
"1987-10-25",0.6655
"1987-10-26",0.04
"1987-10-27",0
"1987-10-28",0.0786
"1987-10-29",19.2087
"1987-10-30",3.4277
"1987-10-31",0.2114
"1987-11-01",19.7587
"1987-11-02",2.2269
"1987-11-03",0.0287
"1987-11-04",0
"1987-11-05",0.8437
"1987-11-06",3.9056
"1987-11-07",0.0035
"1987-11-08",0.0137
"1987-11-09",0
"1987-11-10",0
"1987-11-11",0
"1987-11-12",0
"1987-11-13",0
"1987-11-14",0.0752
"1987-11-15",0
"1987-11-16",0
"1987-11-17",0.0185
"1987-11-18",0
"1987-11-19",0
"1987-11-20",0
"1987-11-21",0
"1987-11-22",0
"1987-11-23",0.0718
"1987-11-24",0.9742
"1987-11-25",0
"1987-11-26",0.0002
"1987-11-27",0
"1987-11-28",1.1531
"1987-11-29",0.1255
"1987-11-30",0
"1987-12-01",0.0186
"1987-12-02",0.138
"1987-12-03",0
"1987-12-04",0.2305
"1987-12-05",1.8692
"1987-12-06",0
"1987-12-07",0
"1987-12-08",0
"1987-12-09",0.0507
"1987-12-10",0
"1987-12-11",0
"1987-12-12",0
"1987-12-13",0.3891
"1987-12-14",4.7032
"1987-12-15",0.0081
"1987-12-16",3.3116
"1987-12-17",2.5394
"1987-12-18",2.4386
"1987-12-19",0.7696
"1987-12-20",0.0423
"1987-12-21",0
"1987-12-22",0
"1987-12-23",0
"1987-12-24",0
"1987-12-25",3.2197
"1987-12-26",2.4932
"1987-12-27",0.1491
"1987-12-28",0
"1987-12-29",0
"1987-12-30",0.0158
"1987-12-31",0
"1988-01-01",0
"1988-01-02",0.056
"1988-01-03",0.0249
"1988-01-04",0.2013
"1988-01-05",3.6472
"1988-01-06",2.9039
"1988-01-07",0.007
"1988-01-08",0
"1988-01-09",0
"1988-01-10",0
"1988-01-11",0
"1988-01-12",0.0677
"1988-01-13",0
"1988-01-14",0
"1988-01-15",0
"1988-01-16",6.6576
"1988-01-17",1.3873
"1988-01-18",6.4728
"1988-01-19",0.1126
"1988-01-20",0.0165
"1988-01-21",0.1078
"1988-01-22",0.0504
"1988-01-23",0
"1988-01-24",0
"1988-01-25",0
"1988-01-26",0
"1988-01-27",0.0408
"1988-01-28",0.3596
"1988-01-29",0.5326
"1988-01-30",0.1274
"1988-01-31",1.7741
"1988-02-01",1.3476
"1988-02-02",1.9981
"1988-02-03",1.0387
"1988-02-04",8.5939
"1988-02-05",0.1478
"1988-02-06",0
"1988-02-07",0
"1988-02-08",0
"1988-02-09",0
"1988-02-10",0.2518
"1988-02-11",0
"1988-02-12",0
"1988-02-13",0
"1988-02-14",0
"1988-02-15",0
"1988-02-16",0
"1988-02-17",0.6391
"1988-02-18",0
"1988-02-19",0.0899
"1988-02-20",0
"1988-02-21",0
"1988-02-22",0
"1988-02-23",0
"1988-02-24",0
"1988-02-25",0
"1988-02-26",0
"1988-02-27",2.946
"1988-02-28",0
"1988-02-29",0
"1988-03-01",0.3842
"1988-03-02",1.1923
"1988-03-03",0.2194
"1988-03-04",0.0046
"1988-03-05",0
"1988-03-06",0
"1988-03-07",0.1613
"1988-03-08",0
"1988-03-09",0
"1988-03-10",0.3122
"1988-03-11",0.662
"1988-03-12",0.3695
"1988-03-13",0.024
"1988-03-14",0
"1988-03-15",0.0083
"1988-03-16",0.7617
"1988-03-17",0
"1988-03-18",0
"1988-03-19",0
"1988-03-20",0
"1988-03-21",0
"1988-03-22",0.1989
"1988-03-23",0
"1988-03-24",0.158
"1988-03-25",0
"1988-03-26",0
"1988-03-27",0
"1988-03-28",0
"1988-03-29",0
"1988-03-30",0.0771
"1988-03-31",2.2003
"1988-04-01",1.8805
"1988-04-02",0
"1988-04-03",0
"1988-04-04",0
"1988-04-05",0
"1988-04-06",0
"1988-04-07",0
"1988-04-08",0
"1988-04-09",0
"1988-04-10",0
"1988-04-11",0
"1988-04-12",0
"1988-04-13",0.4586
"1988-04-14",1.8133
"1988-04-15",0.7186
"1988-04-16",10.6043
"1988-04-17",1.469
"1988-04-18",0
"1988-04-19",0.0977
"1988-04-20",0.0929
"1988-04-21",3.6592
"1988-04-22",2.1491
"1988-04-23",0.1487
"1988-04-24",1.1428
"1988-04-25",0
"1988-04-26",0
"1988-04-27",0
"1988-04-28",1.2652
"1988-04-29",0.6315
"1988-04-30",0
"1988-05-01",0.142
"1988-05-02",0
"1988-05-03",0
"1988-05-04",0.0093
"1988-05-05",0
"1988-05-06",0
"1988-05-07",0
"1988-05-08",0
"1988-05-09",0
"1988-05-10",0
"1988-05-11",0
"1988-05-12",0
"1988-05-13",0
"1988-05-14",0
"1988-05-15",0
"1988-05-16",0.1225
"1988-05-17",5.8967
"1988-05-18",1.7353
"1988-05-19",0
"1988-05-20",0
"1988-05-21",0.0031
"1988-05-22",0
"1988-05-23",0
"1988-05-24",0
"1988-05-25",0.1174
"1988-05-26",0
"1988-05-27",0
"1988-05-28",0.0349
"1988-05-29",0.0742
"1988-05-30",0.2847
"1988-05-31",0.0033
"1988-06-01",0
"1988-06-02",0
"1988-06-03",0
"1988-06-04",0
"1988-06-05",0.2417
"1988-06-06",0
"1988-06-07",0
"1988-06-08",0
"1988-06-09",0
"1988-06-10",0.1625
"1988-06-11",1.1711
"1988-06-12",0
"1988-06-13",0.0341
"1988-06-14",0
"1988-06-15",0
"1988-06-16",0.1451
"1988-06-17",0.5642
"1988-06-18",1.2816
"1988-06-19",1.5928
"1988-06-20",0.075
"1988-06-21",0.0107
"1988-06-22",0
"1988-06-23",0.1272
"1988-06-24",3.3254
"1988-06-25",4.0641
"1988-06-26",0
"1988-06-27",0.8035
"1988-06-28",1.6808
"1988-06-29",0.5063
"1988-06-30",1.1943
"1988-07-01",0.5327
"1988-07-02",0.0637
"1988-07-03",0.0035
"1988-07-04",0.0041
"1988-07-05",0.068
"1988-07-06",0
"1988-07-07",0
"1988-07-08",0
"1988-07-09",0.3022
"1988-07-10",0
"1988-07-11",0.0783
"1988-07-12",0.153
"1988-07-13",0
"1988-07-14",0
"1988-07-15",0
"1988-07-16",0
"1988-07-17",0.0047
"1988-07-18",0.2939
"1988-07-19",3.3987
"1988-07-20",1.6557
"1988-07-21",0
"1988-07-22",0
"1988-07-23",0.0002
"1988-07-24",0.7063
"1988-07-25",0.1359
"1988-07-26",3.8727
"1988-07-27",2.7573
"1988-07-28",0.64
"1988-07-29",0.6397
"1988-07-30",9.2969
"1988-07-31",2.3089
"1988-08-01",2.8975
"1988-08-02",3.783
"1988-08-03",0.2606
"1988-08-04",1.1945
"1988-08-05",1.9587
"1988-08-06",1.2887
"1988-08-07",2.0839
"1988-08-08",0.0666
"1988-08-09",0.0484
"1988-08-10",0.1822
"1988-08-11",0.1042
"1988-08-12",0.0135
"1988-08-13",0
"1988-08-14",1.1162
"1988-08-15",4.1747
"1988-08-16",2.9179
"1988-08-17",0
"1988-08-18",0.0114
"1988-08-19",1.3674
"1988-08-20",0.1666
"1988-08-21",1.1191
"1988-08-22",0.8533
"1988-08-23",3.1788
"1988-08-24",4.0303
"1988-08-25",5.1321
"1988-08-26",5.4519
"1988-08-27",5.3004
"1988-08-28",3.5625
"1988-08-29",2.8651
"1988-08-30",1.3063
"1988-08-31",0.2191
"1988-09-01",3.9784
"1988-09-02",0.4035
"1988-09-03",0.4462
"1988-09-04",0.0305
"1988-09-05",0.0495
"1988-09-06",0.0067
"1988-09-07",0
"1988-09-08",0
"1988-09-09",0.0508
"1988-09-10",0.3828
"1988-09-11",1.3955
"1988-09-12",7.8612
"1988-09-13",0.0198
"1988-09-14",0
"1988-09-15",0
"1988-09-16",0
"1988-09-17",0
"1988-09-18",0.2199
"1988-09-19",0
"1988-09-20",0.7076
"1988-09-21",1.1365
"1988-09-22",0.8016
"1988-09-23",0.1685
"1988-09-24",0.0033
"1988-09-25",0.006
"1988-09-26",0
"1988-09-27",0.5067
"1988-09-28",0
"1988-09-29",0.0234
"1988-09-30",0.025
"1988-10-01",0
"1988-10-02",0
"1988-10-03",0
"1988-10-04",0.0955
"1988-10-05",0.4408
"1988-10-06",3.7623
"1988-10-07",1.3332
"1988-10-08",0
"1988-10-09",0
"1988-10-10",0.2056
"1988-10-11",0.0461
"1988-10-12",0
"1988-10-13",0
"1988-10-14",4.5867
"1988-10-15",2.5754
"1988-10-16",0
"1988-10-17",1.0846
"1988-10-18",0
"1988-10-19",0
"1988-10-20",0
"1988-10-21",0.272
"1988-10-22",0.4027
"1988-10-23",0.0415
"1988-10-24",0
"1988-10-25",0
"1988-10-26",0
"1988-10-27",0
"1988-10-28",0
"1988-10-29",0.1988
"1988-10-30",1.2704
"1988-10-31",0
"1988-11-01",0
"1988-11-02",0
"1988-11-03",0.0149
"1988-11-04",0
"1988-11-05",0
"1988-11-06",0.1885
"1988-11-07",0
"1988-11-08",1.2737
"1988-11-09",0.8924
"1988-11-10",0
"1988-11-11",1.9389
"1988-11-12",0
"1988-11-13",0
"1988-11-14",0.0133
"1988-11-15",2.4865
"1988-11-16",0.0797
"1988-11-17",0.8251
"1988-11-18",0.5023
"1988-11-19",0
"1988-11-20",0
"1988-11-21",0
"1988-11-22",0
"1988-11-23",0
"1988-11-24",3.5695
"1988-11-25",5.8609
"1988-11-26",0.309
"1988-11-27",0
"1988-11-28",0
"1988-11-29",0
"1988-11-30",0
"1988-12-01",0
"1988-12-02",0
"1988-12-03",0
"1988-12-04",0
"1988-12-05",1.018
"1988-12-06",0
"1988-12-07",1.5926
"1988-12-08",1.8044
"1988-12-09",0
"1988-12-10",0
"1988-12-11",0
"1988-12-12",0
"1988-12-13",0
"1988-12-14",0
"1988-12-15",0.0119
"1988-12-16",0
"1988-12-17",0.1702
"1988-12-18",0
"1988-12-19",0.003
"1988-12-20",0
"1988-12-21",1.0576
"1988-12-22",0
"1988-12-23",0.392
"1988-12-24",0.3727
"1988-12-25",0.7017
"1988-12-26",3.2263
"1988-12-27",0.0235
"1988-12-28",0.145
"1988-12-29",0
"1988-12-30",0
"1988-12-31",0
"1989-01-01",0
"1989-01-02",0
"1989-01-03",0
"1989-01-04",7.9049
"1989-01-05",1.1014
"1989-01-06",0.4717
"1989-01-07",0
"1989-01-08",0
"1989-01-09",0
"1989-01-10",0.0032
"1989-01-11",0
"1989-01-12",0
"1989-01-13",0
"1989-01-14",0
"1989-01-15",0
"1989-01-16",0
"1989-01-17",0
"1989-01-18",0
"1989-01-19",0
"1989-01-20",0
"1989-01-21",0.3095
"1989-01-22",0.6805
"1989-01-23",1.0515
"1989-01-24",2.6032
"1989-01-25",0.6266
"1989-01-26",0
"1989-01-27",2.9062
"1989-01-28",3.0967
"1989-01-29",0
"1989-01-30",0
"1989-01-31",0
"1989-02-01",0.0269
"1989-02-02",0.1002
"1989-02-03",4.2864
"1989-02-04",2.1827
"1989-02-05",0.1389
"1989-02-06",2.3886
"1989-02-07",0
"1989-02-08",0.2058
"1989-02-09",2.8968
"1989-02-10",1.6801
"1989-02-11",0.3119
"1989-02-12",0.0411
"1989-02-13",0.5601
"1989-02-14",0
"1989-02-15",0
"1989-02-16",0
"1989-02-17",0
"1989-02-18",0
"1989-02-19",0.6945
"1989-02-20",0.2005
"1989-02-21",0
"1989-02-22",0
"1989-02-23",0.0322
"1989-02-24",0
"1989-02-25",0.0651
"1989-02-26",0
"1989-02-27",0.2923
"1989-02-28",0
"1989-03-01",0
"1989-03-02",0.0494
"1989-03-03",2.6924
"1989-03-04",0.6869
"1989-03-05",0
"1989-03-06",0
"1989-03-07",0
"1989-03-08",0.0151
"1989-03-09",0
"1989-03-10",0
"1989-03-11",0
"1989-03-12",0
"1989-03-13",0
"1989-03-14",0
"1989-03-15",0
"1989-03-16",0
"1989-03-17",0
"1989-03-18",0
"1989-03-19",0
"1989-03-20",1.2382
"1989-03-21",0
"1989-03-22",0
"1989-03-23",0
"1989-03-24",0
"1989-03-25",0.01
"1989-03-26",3.9499
"1989-03-27",0.1131
"1989-03-28",0
"1989-03-29",0
"1989-03-30",0
"1989-03-31",0
"1989-04-01",0.3384
"1989-04-02",0.3821
"1989-04-03",0
"1989-04-04",0.0598
"1989-04-05",0.0658
"1989-04-06",0
"1989-04-07",0
"1989-04-08",0
"1989-04-09",0.0141
"1989-04-10",0
"1989-04-11",0
"1989-04-12",0
"1989-04-13",0.0007
"1989-04-14",0
"1989-04-15",0
"1989-04-16",0
"1989-04-17",0
"1989-04-18",0.0264
"1989-04-19",0.0091
"1989-04-20",1.5582
"1989-04-21",0
"1989-04-22",0
"1989-04-23",0
"1989-04-24",0
"1989-04-25",0
"1989-04-26",0.1008
"1989-04-27",0.026
"1989-04-28",0.0531
"1989-04-29",0.0021
"1989-04-30",0
"1989-05-01",0
"1989-05-02",0
"1989-05-03",0
"1989-05-04",0
"1989-05-05",0
"1989-05-06",0
"1989-05-07",0
"1989-05-08",0
"1989-05-09",0.2561
"1989-05-10",0.0037
"1989-05-11",0.0022
"1989-05-12",0.2871
"1989-05-13",0.0004
"1989-05-14",3.0278
"1989-05-15",0.1458
"1989-05-16",1.6569
"1989-05-17",1.1619
"1989-05-18",0
"1989-05-19",0
"1989-05-20",0
"1989-05-21",0
"1989-05-22",0
"1989-05-23",0
"1989-05-24",0
"1989-05-25",0.0229
"1989-05-26",0
"1989-05-27",0
"1989-05-28",0
"1989-05-29",0
"1989-05-30",0
"1989-05-31",0
"1989-06-01",0
"1989-06-02",0
"1989-06-03",0
"1989-06-04",0.0023
"1989-06-05",0.0022
"1989-06-06",0
"1989-06-07",0
"1989-06-08",0
"1989-06-09",0.1235
"1989-06-10",0.2497
"1989-06-11",0
"1989-06-12",0.909
"1989-06-13",0.0371
"1989-06-14",0.0265
"1989-06-15",0.046
"1989-06-16",0.0083
"1989-06-17",0
"1989-06-18",0
"1989-06-19",0.1224
"1989-06-20",1.5147
"1989-06-21",0.0007
"1989-06-22",0.3843
"1989-06-23",0
"1989-06-24",0.0288
"1989-06-25",0.0323
"1989-06-26",0
"1989-06-27",0
"1989-06-28",0.3491
"1989-06-29",0.1467
"1989-06-30",0
"1989-07-01",0
"1989-07-02",0
"1989-07-03",0
"1989-07-04",0
"1989-07-05",0
"1989-07-06",0.0002
"1989-07-07",0.0002
"1989-07-08",0.068
"1989-07-09",0.0002
"1989-07-10",0.0433
"1989-07-11",0.5959
"1989-07-12",0.2608
"1989-07-13",0
"1989-07-14",0
"1989-07-15",0
"1989-07-16",0.0001
"1989-07-17",0.0235
"1989-07-18",0.0161
"1989-07-19",0.2446
"1989-07-20",0.3192
"1989-07-21",0.5723
"1989-07-22",1.2568
"1989-07-23",6.5479
"1989-07-24",3.7507
"1989-07-25",0.3319
"1989-07-26",0.6611
"1989-07-27",1.6412
"1989-07-28",7.9695
"1989-07-29",3.7936
"1989-07-30",0.1178
"1989-07-31",0.5006
"1989-08-01",9.8553
"1989-08-02",0.0286
"1989-08-03",0.0213
"1989-08-04",0.0097
"1989-08-05",0.0175
"1989-08-06",0.0034
"1989-08-07",0.0034
"1989-08-08",0.0034
"1989-08-09",0.4935
"1989-08-10",0.1913
"1989-08-11",1.1429
"1989-08-12",1.3252
"1989-08-13",0.0061
"1989-08-14",0.0127
"1989-08-15",0.0885
"1989-08-16",1.6302
"1989-08-17",1.212
"1989-08-18",8.2502
"1989-08-19",4.9103
"1989-08-20",0.1369
"1989-08-21",0.1096
"1989-08-22",0.0044
"1989-08-23",0
"1989-08-24",0
"1989-08-25",0
"1989-08-26",0
"1989-08-27",0.1282
"1989-08-28",0
"1989-08-29",0
"1989-08-30",0.0031
"1989-08-31",0.0004
"1989-09-01",0
"1989-09-02",0
"1989-09-03",0.3398
"1989-09-04",4.424
"1989-09-05",2.0289
"1989-09-06",0
"1989-09-07",0
"1989-09-08",0
"1989-09-09",0
"1989-09-10",0
"1989-09-11",0
"1989-09-12",0.0834
"1989-09-13",0.0242
"1989-09-14",0
"1989-09-15",0.0318
"1989-09-16",0
"1989-09-17",0.2288
"1989-09-18",1.6897
"1989-09-19",0.0642
"1989-09-20",0.3947
"1989-09-21",0
"1989-09-22",0
"1989-09-23",0
"1989-09-24",0.0032
"1989-09-25",0
"1989-09-26",0
"1989-09-27",0
"1989-09-28",0
"1989-09-29",0
"1989-09-30",0
"1989-10-01",0
"1989-10-02",0
"1989-10-03",0
"1989-10-04",9.654
"1989-10-05",0.71
"1989-10-06",0
"1989-10-07",0
"1989-10-08",0
"1989-10-09",0
"1989-10-10",0
"1989-10-11",0
"1989-10-12",0
"1989-10-13",0
"1989-10-14",0
"1989-10-15",0
"1989-10-16",0.274
"1989-10-17",0
"1989-10-18",0
"1989-10-19",0
"1989-10-20",2.8506
"1989-10-21",1.2621
"1989-10-22",0
"1989-10-23",0
"1989-10-24",0
"1989-10-25",0
"1989-10-26",1.7149
"1989-10-27",0
"1989-10-28",0
"1989-10-29",0
"1989-10-30",0
"1989-10-31",0
"1989-11-01",0
"1989-11-02",0
"1989-11-03",0
"1989-11-04",0
"1989-11-05",0
"1989-11-06",0
"1989-11-07",0
"1989-11-08",0
"1989-11-09",0
"1989-11-10",0
"1989-11-11",0
"1989-11-12",0
"1989-11-13",0
"1989-11-14",0
"1989-11-15",0
"1989-11-16",0
"1989-11-17",0.0073
"1989-11-18",0
"1989-11-19",0
"1989-11-20",0
"1989-11-21",0.3062
"1989-11-22",0
"1989-11-23",0
"1989-11-24",0.0091
"1989-11-25",0.0493
"1989-11-26",0.3973
"1989-11-27",0.5362
"1989-11-28",0
"1989-11-29",0
"1989-11-30",0.145
"1989-12-01",0.0192
"1989-12-02",0
"1989-12-03",0
"1989-12-04",0
"1989-12-05",0
"1989-12-06",0
"1989-12-07",0
"1989-12-08",0
"1989-12-09",0
"1989-12-10",0
"1989-12-11",0
"1989-12-12",0
"1989-12-13",0
"1989-12-14",0
"1989-12-15",0
"1989-12-16",1.0266
"1989-12-17",0
"1989-12-18",0
"1989-12-19",0
"1989-12-20",0
"1989-12-21",0
"1989-12-22",0
"1989-12-23",0
"1989-12-24",0
"1989-12-25",0
"1989-12-26",0
"1989-12-27",0
"1989-12-28",0.8113
"1989-12-29",4.0621
"1989-12-30",0.3865
"1989-12-31",0
"1990-01-01",0